Language,Comment,Test label,Term 1,Term 2,Term 3,Term 4,Term 5,Term 6,Term 7,Term 8,Term 9,Term 10,Term 11,Term 12,Term 13,Term 14,Term 15,Term 16,Term 17,Term 18,Term 19,Term 20,Term 21,Term 22,Term 23,Term 24,Term 25,Term 26,Term 27,Term 28,Term 29,Term 30,Term 31,Term 32,Term 33,Term 34,Term 35,Term 36,Term 37,Term 38,Term 39,Term 40,Term 41,Term 42,Term 43,Term 44,Term 45,Term 46
AR,Arabic,abbrevmonths,ينا,فبر,مار,أبر,ماي,يون,يول,أغس,سبت,أكت,نوف,ديس,,,,,,,,,,,,,,,,,,,,,,,,,,,,,,,,,,
AR,Arabic,cities,مدريد,طوكيو,روما,برلين,باريس,بروكسل,,,,,,,,,,,,,,,,,,,,,,,,,,,,,,,,,,,,,,,,
AR,Arabic,colours,أحمر,أخضر,أزرق,أصفر,أسود,أبيض ,اللون,البرتقالي,البني,,,,,,,,,,,,,,,,,,,,,,,,,,,,,,,,,,,,,
AR,Arabic,dayparts,صباح,ظهيرة ,مساء,ليل,,,,,,,,,,,,,,,,,,,,,,,,,,,,,,,,,,,,,,,,,,
AR,Arabic,drinks,شراب,جلاب,عصير,,,,,,,,,,,,,,,,,,,,,,,,,,,,,,,,,,,,,,,,,,,
AR,Arabic,establishments,مطعم,كافيه, شريط,,,,,,,,,,,,,,,,,,,,,,,,,,,,,,,,,,,,,,,,,,,
AR,Arabic,fruit,التفاح,البرتقال,كمثرى,خوخ,موز,,,,,,,,,,,,,,,,,,,,,,,,,,,,,,,,,,,,,,,,,
AR,Arabic,hotdrinks,شاى,قهوة,شوكولاتة ساخنة,,,,,,,,,,,,,,,,,,,,,,,,,,,,,,,,,,,,,,,,,,,
AR,Arabic,months,يناير,فبراير,مارس,أبريل,مايو,يونيو,يوليو,أغسطس,سبتمبر,أكتوبر,نوفمبر,ديسمبر,,,,,,,,,,,,,,,,,,,,,,,,,,,,,,,,,,
AR,Arabic,nordics,السويد,فنلندا,الدنمارك,النرويج,أيسلندا,,,,,,,,,,,,,,,,,,,,,,,,,,,,,,,,,,,,,,,,,
AR,Arabic,organs,الكبد,الكلى , المثانة ,قلب,,,,,,,,,,,,,,,,,,,,,,,,,,,,,,,,,,,,,,,,,,
AR,Arabic,vegetables,طماطم,البطاطس, بصلة,جزرة,خیار,الخس,,,,,,,,,,,,,,,,,,,,,,,,,,,,,,,,,,,,,,,,
AR,Arabic,weekdays,الاثنين,الثلاثاء,الاربعاء ,الخميس,الجمعة,السبت ,الاحد,,,,,,,,,,,,,,,,,,,,,,,,,,,,,,,,,,,,,,,
AZ,Azerbaijani,abbrevmonths,yan,fev,mar,apr,may,iyn,iyl,avq,sen,okt,noy,dek,,,,,,,,,,,,,,,,,,,,,,,,,,,,,,,,,,
AZ,Azerbaijani,cities,london,paris,brüssel,berlin,rome,madrid,tokyo,,,,,,,,,,,,,,,,,,,,,,,,,,,,,,,,,,,,,,,
AZ,Azerbaijani,colours,qırmızı,yaşıl,mavi,sarı,qara,ağ,qəhvəyi,narıncı,,,,,,,,,,,,,,,,,,,,,,,,,,,,,,,,,,,,,,
AZ,Azerbaijani,dayparts,səhər,axşam,gecə,gün,günortadan sonra,,,,,,,,,,,,,,,,,,,,,,,,,,,,,,,,,,,,,,,,,
AZ,Azerbaijani,drinks,pivə,şərab,içki,soda,,,,,,,,,,,,,,,,,,,,,,,,,,,,,,,,,,,,,,,,,,
AZ,Azerbaijani,establishments,restoran,kafe,bar,,,,,,,,,,,,,,,,,,,,,,,,,,,,,,,,,,,,,,,,,,,
AZ,Azerbaijani,fruit,banan,ananas,armud,limon,alma,,,,,,,,,,,,,,,,,,,,,,,,,,,,,,,,,,,,,,,,,
AZ,Azerbaijani,hotdrinks,qəhvə,çay,kakao,,,,,,,,,,,,,,,,,,,,,,,,,,,,,,,,,,,,,,,,,,,
AZ,Azerbaijani,months,yanvar,fevral,mart,aprel,may,iyun,iyul,avqust,sentyabr,oktyabr,noyabr,dekabr,,,,,,,,,,,,,,,,,,,,,,,,,,,,,,,,,,
AZ,Azerbaijani,nordics,İsveç,Finlandiya,danimarka,Norveç,island,,,,,,,,,,,,,,,,,,,,,,,,,,,,,,,,,,,,,,,,,
AZ,Azerbaijani,organs,böyrək,qaraciyər,sidik kisəsi,,,,,,,,,,,,,,,,,,,,,,,,,,,,,,,,,,,,,,,,,,,
AZ,Azerbaijani,vegetables,pomidor,kök,xiyar,soğan,kartof,salat,,,,,,,,,,,,,,,,,,,,,,,,,,,,,,,,,,,,,,,,
AZ,Azerbaijani,weekdays,Bazar ertəsi,çərşənbə axşamı,çərşənbə,cümə axşamı,cümə,şənbə,bazar,,,,,,,,,,,,,,,,,,,,,,,,,,,,,,,,,,,,,,,
BG,Bulgarian,abbrevmonths,яну,фев,мар,апр,май,юни,юли,авг,сеп,окт,ное,дек,,,,,,,,,,,,,,,,,,,,,,,,,,,,,,,,,,
BG,Bulgarian,cities,Лондон,Париж,Берлин,Брюксел,Рим,Мадрид,Токио,,,,,,,,,,,,,,,,,,,,,,,,,,,,,,,,,,,,,,,
BG,Bulgarian,colours,червено,зелено,синьо,жълто,бяло,черно,кафяво,оранжево,,,,,,,,,,,,,,,,,,,,,,,,,,,,,,,,,,,,,,
BG,Bulgarian,dayparts,сутрин,вечер,през нощта,ден,следобед,,,,,,,,,,,,,,,,,,,,,,,,,,,,,,,,,,,,,,,,,
BG,Bulgarian,drinks,бира,вино,сода,,,,,,,,,,,,,,,,,,,,,,,,,,,,,,,,,,,,,,,,,,,
BG,Bulgarian,establishments,ресторант,кафе,бар,,,,,,,,,,,,,,,,,,,,,,,,,,,,,,,,,,,,,,,,,,,
BG,Bulgarian,fruit,банан,ананас,круша,лимон,ябълка,,,,,,,,,,,,,,,,,,,,,,,,,,,,,,,,,,,,,,,,,
BG,Bulgarian,hotdrinks,кафе,чай,какао,,,,,,,,,,,,,,,,,,,,,,,,,,,,,,,,,,,,,,,,,,,
BG,Bulgarian,months,януари,февруари,март,април,май,юни,юли,август,септември,октомври,ноември,декември,,,,,,,,,,,,,,,,,,,,,,,,,,,,,,,,,,
BG,Bulgarian,nordics,Швеция,Финландия,Дания,Норвегия,Исландия,,,,,,,,,,,,,,,,,,,,,,,,,,,,,,,,,,,,,,,,,
BG,Bulgarian,organs,бъбрек,черен дроб,пикочния мехур,,,,,,,,,,,,,,,,,,,,,,,,,,,,,,,,,,,,,,,,,,,
BG,Bulgarian,vegetables,домати,моркови,краставици,лук,картофи,салата,,,,,,,,,,,,,,,,,,,,,,,,,,,,,,,,,,,,,,,,
BG,Bulgarian,weekdays,понеделник,вторник,сряда,четвъртък,петък,събота,неделя,,,,,,,,,,,,,,,,,,,,,,,,,,,,,,,,,,,,,,,
BN,Bengali,abbrevmonths,জানু,ফেব্রু,মার্চ,এপ্রি,মে,জুন,জুলা,আগ,সেপ্টে,অক্টো,নভে,ডিসে,,,,,,,,,,,,,,,,,,,,,,,,,,,,,,,,,,
BN,Bengali,cities,লন্ডন,প্যারিস,ব্রাসেলস,বার্লিন,রোম,মাদ্রিদ,টোকিও,,,,,,,,,,,,,,,,,,,,,,,,,,,,,,,,,,,,,,,
BN,Bengali,colours,লাল,সবুজ,নীল,হলুদ,কালো,সাদা,বাদামী,কমলা,,,,,,,,,,,,,,,,,,,,,,,,,,,,,,,,,,,,,,
BN,Bengali,dayparts,সকাল,সন্ধ্যা,রাত,দিন,বিকেল,দুপুর,গোধুলী,,,,,,,,,,,,,,,,,,,,,,,,,,,,,,,,,,,,,,,
BN,Bengali,drinks,বিয়ার,ওয়াইন,মদ,সোডা,হুইিসকি,রাম,ভদকা,সফট ড্রিংকস,,,,,,,,,,,,,,,,,,,,,,,,,,,,,,,,,,,,,,
BN,Bengali,establishments,রেঁস্তোরা,ক্যাফে,বার,,,,,,,,,,,,,,,,,,,,,,,,,,,,,,,,,,,,,,,,,,,
BN,Bengali,fruit,কলা,আনারস,নাশপাতি,লেবু,আপেল,বরই,জলপাই,আঙ্গুর,কমলা,তরমুজ,,,,,,,,,,,,,,,,,,,,,,,,,,,,,,,,,,,,
BN,Bengali,hotdrinks,কফি,চা,কোকো,,,,,,,,,,,,,,,,,,,,,,,,,,,,,,,,,,,,,,,,,,,
BN,Bengali,months,জানুয়ারি,ফেব্রুয়ারি,মার্চ,এপ্রিল,মে,জুন,জুলাই,আগস্ট,সেপ্টেম্বর,অক্টোবর,নভেম্বর,ডিসেম্বর,,,,,,,,,,,,,,,,,,,,,,,,,,,,,,,,,,
BN,Bengali,nordics,সুইডেন,ফিন্ল্যাণ্ড,ডেনমার্ক,নরওয়ে,আইসল্যান্ড,,,,,,,,,,,,,,,,,,,,,,,,,,,,,,,,,,,,,,,,,
BN,Bengali,organs,কিডনি,লিভার,মূত্রাশয়,,,,,,,,,,,,,,,,,,,,,,,,,,,,,,,,,,,,,,,,,,,
BN,Bengali,vegetables,টমেটো,গাজর,শশা,পেঁয়াজ,আলু,সালাদ,,,,,,,,,,,,,,,,,,,,,,,,,,,,,,,,,,,,,,,,
BN,Bengali,weekdays,সোমবার,মঙ্গলবার,বুধবার,বৃহস্পতিবার,শুক্রবার,শনিবার,রবিবার,,,,,,,,,,,,,,,,,,,,,,,,,,,,,,,,,,,,,,,
CA,Catalan,abbrevmonths,gen,feb,març,abr,maig,juny,jul,ag,set,oct,nov,,,,,,,,,,,,,,,,,,,,,,,,,,,,,,,,,,,
CA,Catalan,cities,londres,brussel·les,parís,berlin,madrid,roma,tòquio,,,,,,,,,,,,,,,,,,,,,,,,,,,,,,,,,,,,,,,
CA,Catalan,colours,vermell,verd,blau,groc,negre,taronja,blanc,,,,,,,,,,,,,,,,,,,,,,,,,,,,,,,,,,,,,,,
CA,Catalan,dayparts,matí,tarda,nit,dia,migdia,,,,,,,,,,,,,,,,,,,,,,,,,,,,,,,,,,,,,,,,,
CA,Catalan,drinks,cervesa,licor,vi,suc,cava,,,,,,,,,,,,,,,,,,,,,,,,,,,,,,,,,,,,,,,,,
CA,Catalan,establishments,restaurant,bar,cafè,,,,,,,,,,,,,,,,,,,,,,,,,,,,,,,,,,,,,,,,,,,
CA,Catalan,fruit,taronja,poma,plàtan,llima,maduixa,,,,,,,,,,,,,,,,,,,,,,,,,,,,,,,,,,,,,,,,,
CA,Catalan,hotdrinks,te,cafè,xocolata,,,,,,,,,,,,,,,,,,,,,,,,,,,,,,,,,,,,,,,,,,,
CA,Catalan,months,gener,febrer,març,abril,maig,juny,juliol,agost,setembre,octubre,novembre,desembre,,,,,,,,,,,,,,,,,,,,,,,,,,,,,,,,,,
CA,Catalan,nordics,suècia,finlàndia,dinamarca,noruega,islàndia,,,,,,,,,,,,,,,,,,,,,,,,,,,,,,,,,,,,,,,,,
CA,Catalan,organs,bufeta,ronyó,fetge,cor,cervell,pulmons,,,,,,,,,,,,,,,,,,,,,,,,,,,,,,,,,,,,,,,,
CA,Catalan,vegetables,tomaca,pastanaga,espinacs,amanida,cogombre,ceba,,,,,,,,,,,,,,,,,,,,,,,,,,,,,,,,,,,,,,,,
CA,Catalan,weekdays,dilluns,dimarts,dimecres,dijous,divendres,dissabte,diumenge,,,,,,,,,,,,,,,,,,,,,,,,,,,,,,,,,,,,,,,
CS,Czech,abbrevmonths,led,úno,bře,dub,kvě,čer,čvc,srp,zář,říj,lis,pro,,,,,,,,,,,,,,,,,,,,,,,,,,,,,,,,,,
CS,Czech,cities,Londýn,Paříž,Brusel,Berlín,Řím,Madrid,Tokio,,,,,,,,,,,,,,,,,,,,,,,,,,,,,,,,,,,,,,,
CS,Czech,colours,oranžová,červená,zelená,modrá,žlutá,černá,bílá,hnědá,,,,,,,,,,,,,,,,,,,,,,,,,,,,,,,,,,,,,,
CS,Czech,dayparts,dopoledne,odpoledne,večer,noc,,,,,,,,,,,,,,,,,,,,,,,,,,,,,,,,,,,,,,,,,,
CS,Czech,drinks,pivo,víno,soda,,,,,,,,,,,,,,,,,,,,,,,,,,,,,,,,,,,,,,,,,,,
CS,Czech,establishments,restaurace,kavárna,bar,,,,,,,,,,,,,,,,,,,,,,,,,,,,,,,,,,,,,,,,,,,
CS,Czech,fruit,jablko,oranžový,hruška,broskev,banán,,,,,,,,,,,,,,,,,,,,,,,,,,,,,,,,,,,,,,,,,
CS,Czech,hotdrinks,Čaj,Káva,Kakao,,,,,,,,,,,,,,,,,,,,,,,,,,,,,,,,,,,,,,,,,,,
CS,Czech,months,leden,únor,březen,duben,květen,červen,červenec,srpen,září,říjen,listopad,prosinec,,,,,,,,,,,,,,,,,,,,,,,,,,,,,,,,,,
CS,Czech,nordics,švédsko,finsko,dánsko,norsko,island,,,,,,,,,,,,,,,,,,,,,,,,,,,,,,,,,,,,,,,,,
CS,Czech,organs,ledvina,játra,měchýř,,,,,,,,,,,,,,,,,,,,,,,,,,,,,,,,,,,,,,,,,,,
CS,Czech,vegetables,brambor,rajče,mrkev,cibule,Okurka,,,,,,,,,,,,,,,,,,,,,,,,,,,,,,,,,,,,,,,,,
CS,Czech,weekdays,pondělí,úterý,středa,Čtvrtek,pátek,sobota,Neděle,,,,,,,,,,,,,,,,,,,,,,,,,,,,,,,,,,,,,,,
DA,Danish,abbrevmonths,jan,feb,mar,apr,maj,jun,jul,aug,sep,okt,nov,dec,,,,,,,,,,,,,,,,,,,,,,,,,,,,,,,,,,
DA,Danish,cities,london,paris,bruxelles,berlin,rome,madrid,tokyo,,,,,,,,,,,,,,,,,,,,,,,,,,,,,,,,,,,,,,,
DA,Danish,colours,rød,grøn,blå,gul,sort,hvid,brun,,,,,,,,,,,,,,,,,,,,,,,,,,,,,,,,,,,,,,,
DA,Danish,dayparts,morgen,aften,nat,dag,eftermiddag,,,,,,,,,,,,,,,,,,,,,,,,,,,,,,,,,,,,,,,,,
DA,Danish,drinks,øl,vin,sprit,sodavand,,,,,,,,,,,,,,,,,,,,,,,,,,,,,,,,,,,,,,,,,,
DA,Danish,establishments,restaurant,bistro,cafe,bar,pub,kro,,,,,,,,,,,,,,,,,,,,,,,,,,,,,,,,,,,,,,,,
DA,Danish,fruit,æble,banan,"appelsin
",pære,fersken,,,,,,,,,,,,,,,,,,,,,,,,,,,,,,,,,,,,,,,,,
DA,Danish,hotdrinks,kaffe,te,kakao,,,,,,,,,,,,,,,,,,,,,,,,,,,,,,,,,,,,,,,,,,,
DA,Danish,months,januar,februar,marts,april,maj,juni,juli,august,september,oktober,november,december,,,,,,,,,,,,,,,,,,,,,,,,,,,,,,,,,,
DA,Danish,nordics,sverige,finland,norge,danmark,island,,,,,,,,,,,,,,,,,,,,,,,,,,,,,,,,,,,,,,,,,
DA,Danish,organs,vagina,penis,hjerte,blære,lever,nyre,,,,,,,,,,,,,,,,,,,,,,,,,,,,,,,,,,,,,,,,
DA,Danish,vegetables,tomat,avocado,gulerod,spinat,agurk,selleri,løg,salat,,,,,,,,,,,,,,,,,,,,,,,,,,,,,,,,,,,,,,
DA,Danish,weekdays,mandag,tirsdag,onsdag,torsdag,fredag,lørdag,søndag,,,,,,,,,,,,,,,,,,,,,,,,,,,,,,,,,,,,,,,
DE,German,abbrevmonths,jan,feb,mär,apr,mai,jun,jul,aug,sep,okt,nov,dez,,,,,,,,,,,,,,,,,,,,,,,,,,,,,,,,,,
DE,German,cities,london,paris,brüssel,athen,rom,madrid,tokio,,,,,,,,,,,,,,,,,,,,,,,,,,,,,,,,,,,,,,,
DE,German,colours,rot,grün,blau,gelb,schwarz,weiß,braun,,,,,,,,,,,,,,,,,,,,,,,,,,,,,,,,,,,,,,,
DE,German,dayparts,morgen,abend,nacht,tag,nachmittag,vormittag,mittag,,,,,,,,,,,,,,,,,,,,,,,,,,,,,,,,,,,,,,,
DE,German,drinks,bier,wein,schnaps,limonade,,,,,,,,,,,,,,,,,,,,,,,,,,,,,,,,,,,,,,,,,,
DE,German,establishments,restaurant,bistro,café,kneipe,bar,imbiss,,,,,,,,,,,,,,,,,,,,,,,,,,,,,,,,,,,,,,,,
DE,German,fruit,apfel,birne,banane,orange,traube,kirsche,erdbeere,,,,,,,,,,,,,,,,,,,,,,,,,,,,,,,,,,,,,,,
DE,German,hotdrinks,kaffee,tee,kakao,,,,,,,,,,,,,,,,,,,,,,,,,,,,,,,,,,,,,,,,,,,
DE,German,months,januar,februar,märz,april,mai,juni,juli,august,september,oktober,november,dezember,,,,,,,,,,,,,,,,,,,,,,,,,,,,,,,,,,
DE,German,nordics,schweden,finnland,dänemark,norwegen,island,,,,,,,,,,,,,,,,,,,,,,,,,,,,,,,,,,,,,,,,,
DE,German,organs,penis,scheide,niere,leber,herz,blase,,,,,,,,,,,,,,,,,,,,,,,,,,,,,,,,,,,,,,,,
DE,German,vegetables,tomate,avocado,karotte,spinat,gurke,sellerie,zwiebel,salat,,,,,,,,,,,,,,,,,,,,,,,,,,,,,,,,,,,,,,
DE,German,weekdays,montag,dienstag,mittwoch,donnerstag,freitag,samstag,sonntag,,,,,,,,,,,,,,,,,,,,,,,,,,,,,,,,,,,,,,,
EL,Greek,abbrevmonths,Ιαν,Φεβ,Μαρ,Απρ,Μάι,Ιουν,Ιουλ,Αυγ,Σεπ,Οκτ,Νοε,Δεκ,,,,,,,,,,,,,,,,,,,,,,,,,,,,,,,,,,
EL,Greek,cities,Λονδίνο,Παρίσι,Βρυξέλλες,Βερολίνο,Ρώμη,Μαδρίτη,,,,,,,,,,,,,,,,,,,,,,,,,,,,,,,,,,,,,,,,
EL,Greek,colours,κόκκινο,πράσινο,μπλε,κίτρινο,μαύρο,άσπρο,καφέ,πορτοκαλί,λευκό,,,,,,,,,,,,,,,,,,,,,,,,,,,,,,,,,,,,,
EL,Greek,dayparts,πρωί,μεσημέρι,βράδυ,μέρα,απόγευμα,νύχτα,,,,,,,,,,,,,,,,,,,,,,,,,,,,,,,,,,,,,,,,
EL,Greek,drinks,μπύρα,κρασί,λικέρ,σόδα,ούζο,ρακί,ρετσίνα,ουίσκι,σφινάκια,μαλαματίνα,ρακόμελο,σανγκρία,βότκα,πορτοκαλάδα,,,,,,,,,,,,,,,,,,,,,,,,,,,,,,,,
EL,Greek,establishments,εστιατόριο,μπιστρό,καφετέρια,καφέ,ταβέρνα,Κρεπερί ,μπαρ,παμπ,φούρνος,ζαχαροπλαστείο,κλαμπ,πιτσαρία,μπυραρία,ρεστοράν,,,,,,,,,,,,,,,,,,,,,,,,,,,,,,,,
EL,Greek,fruit,μήλο,ανανάς,αχλάδι,πορτοκάλι,,,,,,,,,,,,,,,,,,,,,,,,,,,,,,,,,,,,,,,,,,
EL,Greek,hotdrinks,καφές,τσάι,ζεστή σοκολάτα,ελληνικός καφές,καπουτσίνο,εσπρέσο,,,,,,,,,,,,,,,,,,,,,,,,,,,,,,,,,,,,,,,,
EL,Greek,months,Γενάρης,Φεβρουάριος,Μάρτιος,Απρίλιος,Μάιος,Ιούνιος,Ιούλιος,Αύγουστος,Σεπτέμβριος,Οκτώβριος,Νοέμβριος,Δεκέμβριος,,,,,,,,,,,,,,,,,,,,,,,,,,,,,,,,,,
EL,Greek,nordics,Σουηδία,Φινλανδία,Δανία,Νορβηγία,Ισλανδία,,,,,,,,,,,,,,,,,,,,,,,,,,,,,,,,,,,,,,,,,
EL,Greek,organs,νεφρό,συκώτι,καρδιά,στομάχι,πνεύμονες,,,,,,,,,,,,,,,,,,,,,,,,,,,,,,,,,,,,,,,,,
EL,Greek,vegetables,τομάτα,αβοκάντο,καρότο,σπανάκι,αγγούρι,σέλινο,κρεμμύδι,μαρούλι,ντομάτα,,,,,,,,,,,,,,,,,,,,,,,,,,,,,,,,,,,,,
EL,Greek,weekdays,Δευτέρα,Τρίτη,Τετάρτη,Πέμπτη,Παρασκευή,Σάββατο,Κυριακή,,,,,,,,,,,,,,,,,,,,,,,,,,,,,,,,,,,,,,,
EN,English,abbrevmonths,jan,feb,mar,apr,may,jun,jul,aug,sep,oct,nov,dec,,,,,,,,,,,,,,,,,,,,,,,,,,,,,,,,,,
EN,English,cities,london,paris,brussels,berlin,rome,madrid,tokyo,new york,,,,,,,,,,,,,,,,,,,,,,,,,,,,,,,,,,,,,,
EN,English,colours,red,green,blue,yellow,black,white,brown,orange,,,,,,,,,,,,,,,,,,,,,,,,,,,,,,,,,,,,,,
EN,English,dayparts,morning,evening,night,day,afternoon,,,,,,,,,,,,,,,,,,,,,,,,,,,,,,,,,,,,,,,,,
EN,English,drinks,beer,wine,cider,soda,liquor,,,,,,,,,,,,,,,,,,,,,,,,,,,,,,,,,,,,,,,,,
EN,English,establishments,restaurant,bistro,cafe,diner,bar,pub,bakery,,,,,,,,,,,,,,,,,,,,,,,,,,,,,,,,,,,,,,,
EN,English,fruit,banana,pineapple,pear,lemon,apple,,,,,,,,,,,,,,,,,,,,,,,,,,,,,,,,,,,,,,,,,
EN,English,hotdrinks,coffee,tea,hot chocolate,cocoa,,,,,,,,,,,,,,,,,,,,,,,,,,,,,,,,,,,,,,,,,,
EN,English,months,january,february,march,april,may,june,july,august,september,october,november,december,,,,,,,,,,,,,,,,,,,,,,,,,,,,,,,,,,
EN,English,nordics,sweden,finland,denmark,norway,iceland,,,,,,,,,,,,,,,,,,,,,,,,,,,,,,,,,,,,,,,,,
EN,English,organs,liver,heart,kidney,bladder,vagina,penis,,,,,,,,,,,,,,,,,,,,,,,,,,,,,,,,,,,,,,,,
EN,English,vegetables,tomato,avocado,carrot,spinach,cucumber,celery,onion,salad,,,,,,,,,,,,,,,,,,,,,,,,,,,,,,,,,,,,,,
EN,English,weekdays,monday,tuesday,wednesday,thursday,friday,saturday,sunday,,,,,,,,,,,,,,,,,,,,,,,,,,,,,,,,,,,,,,,
ES,Spanish,abbrevmonths,ene,feb,mar,abr,may,jun,jul,ago,sep,oct,nov,dic,,,,,,,,,,,,,,,,,,,,,,,,,,,,,,,,,,
ES,Spanish,cities,londres,París,bruselas,Berlín,roma,madrid,tokio,barcelona,,,,,,,,,,,,,,,,,,,,,,,,,,,,,,,,,,,,,,
ES,Spanish,colours,rojo,verde,azul,amarillo,negro,blanco,marrón,naranja,,,,,,,,,,,,,,,,,,,,,,,,,,,,,,,,,,,,,,
ES,Spanish,dayparts,mañana,tarde,noche,dia,mediodia,,,,,,,,,,,,,,,,,,,,,,,,,,,,,,,,,,,,,,,,,
ES,Spanish,drinks,cerveza,licor,vino,soda,sangría,aguardiente,cava,resfresco,,,,,,,,,,,,,,,,,,,,,,,,,,,,,,,,,,,,,,
ES,Spanish,establishments,restaurante,bodega,cafetería,bar,pub,cantina,taverna , taquería,pastelería,panadería,carniceria,pescaderia,,,,,,,,,,,,,,,,,,,,,,,,,,,,,,,,,,
ES,Spanish,fruit,plátano,naranja,pera,manzana,melocotón,uvas,fresa,mandarina,,,,,,,,,,,,,,,,,,,,,,,,,,,,,,,,,,,,,,
ES,Spanish,hotdrinks,café,té,chocolate,mate,,,,,,,,,,,,,,,,,,,,,,,,,,,,,,,,,,,,,,,,,,
ES,Spanish,months,enero,febrero,marzo,abril,mayo,junio,julio,agosto,septiembre,octubre,noviembre,diciembre,,,,,,,,,,,,,,,,,,,,,,,,,,,,,,,,,,
ES,Spanish,nordics,suecia,finlandia,dinamarca,noruega,islandia,,,,,,,,,,,,,,,,,,,,,,,,,,,,,,,,,,,,,,,,,
ES,Spanish,organs,higado,corazon,pulmones,cerebro,,,,,,,,,,,,,,,,,,,,,,,,,,,,,,,,,,,,,,,,,,
ES,Spanish,vegetables,tomate,aguacate,zanahoria,espinacas,pepino,apio,cebolla,pimiento,lechuga,berenjena,,,,,,,,,,,,,,,,,,,,,,,,,,,,,,,,,,,,
ES,Spanish,weekdays,lunes,martes,miércoles,jueves,viernes,sábado,domingo,,,,,,,,,,,,,,,,,,,,,,,,,,,,,,,,,,,,,,,
ET,Estonian,abbrevmonths,Jaa,Vee,Mär,Apr,Mai,Jun,Jul,Aug,Sep,Okt,Nov,Det,,,,,,,,,,,,,,,,,,,,,,,,,,,,,,,,,,
ET,Estonian,cities,London,Pariis,Brüssel,Berliin,Rooma,Madrid,Tokyo ,,,,,,,,,,,,,,,,,,,,,,,,,,,,,,,,,,,,,,,
ET,Estonian,colours,Punane,Roheline,Sinine,Kollane,Must,Valge,Pruun,Oranž,,,,,,,,,,,,,,,,,,,,,,,,,,,,,,,,,,,,,,
ET,Estonian,dayparts,Hommik,Õhtu,Öö,Päev,Pärastlõuna,,,,,,,,,,,,,,,,,,,,,,,,,,,,,,,,,,,,,,,,,
ET,Estonian,drinks,õlu,vein,alkohoolne jook ,gaseeritud vesi ,,,,,,,,,,,,,,,,,,,,,,,,,,,,,,,,,,,,,,,,,,
ET,Estonian,establishments,restoran,bistro,kohvik,söökla,baar,kõrts ,pagariäri,,,,,,,,,,,,,,,,,,,,,,,,,,,,,,,,,,,,,,,
ET,Estonian,fruit,õun,ananass,pirn,apelsin,,,,,,,,,,,,,,,,,,,,,,,,,,,,,,,,,,,,,,,,,,
ET,Estonian,hotdrinks,kohv,tee,kakao,,,,,,,,,,,,,,,,,,,,,,,,,,,,,,,,,,,,,,,,,,,
ET,Estonian,months,Jaanuar,Veebruar,Märts,Aprill,Mai,Juuni,Juuli,August,September,Oktoober,November,Detsember,,,,,,,,,,,,,,,,,,,,,,,,,,,,,,,,,,
ET,Estonian,nordics,Rootsi,Soome,Taani,Norra,Island,,,,,,,,,,,,,,,,,,,,,,,,,,,,,,,,,,,,,,,,,
ET,Estonian,organs,vagiina,peenis,neer,maks ,süda,,,,,,,,,,,,,,,,,,,,,,,,,,,,,,,,,,,,,,,,,
ET,Estonian,vegetables,tomat,avokaado,porgand,spinat,kurk,seller,sibul,salat,,,,,,,,,,,,,,,,,,,,,,,,,,,,,,,,,,,,,,
ET,Estonian,weekdays,esmaspäev,teisipäev,kolmapäev,neljapäev,reede,laupäev,pühapäev,,,,,,,,,,,,,,,,,,,,,,,,,,,,,,,,,,,,,,,
FA,Farsi,abbrevmonths,,,,,,,,,,,,,,,,,,,,,,,,,,,,,,,,,,,,,,,,,,,,,,
FA,Farsi,cities,لندن,پاریس,مسکو,برلین,آنکارا,,,,,,,,,,,,,,,,,,,,,,,,,,,,,,,,,,,,,,,,,
FA,Farsi,colours,قرمز,سبز,آبی,زرد,سیاه,سفید,قهوه‌ای,نارنجی,,,,,,,,,,,,,,,,,,,,,,,,,,,,,,,,,,,,,,
FA,Farsi,dayparts,صبح,ظهر,عصر,شب,,,,,,,,,,,,,,,,,,,,,,,,,,,,,,,,,,,,,,,,,,
FA,Farsi,drinks,نوشابه,دوغ,شکلات داغ,,,,,,,,,,,,,,,,,,,,,,,,,,,,,,,,,,,,,,,,,,,
FA,Farsi,establishments,رستوران,کافه,کافی شاپ,,,,,,,,,,,,,,,,,,,,,,,,,,,,,,,,,,,,,,,,,,,
FA,Farsi,fruit,سیب,هندوانه,پرتقال,موز,نارنگی,هلو,,,,,,,,,,,,,,,,,,,,,,,,,,,,,,,,,,,,,,,,
FA,Farsi,hotdrinks,چای,قهوه,دمنوش,,,,,,,,,,,,,,,,,,,,,,,,,,,,,,,,,,,,,,,,,,,
FA,Farsi,months,فروردین,اردیبهشت,خرداد,تیر,مرداد,شهریور,مهر,آبان,آذر,دی,بهمن,اسفند,,,,,,,,,,,,,,,,,,,,,,,,,,,,,,,,,,
FA,Farsi,nordics,سوئد,فنلاند,دانمارک,نروژ,ایسلند,,,,,,,,,,,,,,,,,,,,,,,,,,,,,,,,,,,,,,,,,
FA,Farsi,organs,کبد,کلیه,مثانه,,,,,,,,,,,,,,,,,,,,,,,,,,,,,,,,,,,,,,,,,,,
FA,Farsi,vegetables,گوجه فرنگی,خیار,کاهو,کدو,پیاز,سیب زمینی,بادمجان,,,,,,,,,,,,,,,,,,,,,,,,,,,,,,,,,,,,,,,
FA,Farsi,weekdays,دوشنبه,سه‌شنبه,چهارشنبه,پنج‌شنبه,جمعه,شنبه,یکشنبه,,,,,,,,,,,,,,,,,,,,,,,,,,,,,,,,,,,,,,,
FI,Finnish,abbrevmonths,tam,hel,maa,huh,tou,kes,hei,elo,syy,lok,mar,jou,,,,,,,,,,,,,,,,,,,,,,,,,,,,,,,,,,
FI,Finnish,cities,lontoo,pariisi,bryssel,berliini,tukholma,budapest,rooma,tokio,moskova,,,,,,,,,,,,,,,,,,,,,,,,,,,,,,,,,,,,,
FI,Finnish,colours,sininen,punainen,valkoinen,ruskea,musta,keltainen,vihreä,oranssi,,,,,,,,,,,,,,,,,,,,,,,,,,,,,,,,,,,,,,
FI,Finnish,dayparts,aamu,ilta,aamupäivä,iltapäivä,yö,,,,,,,,,,,,,,,,,,,,,,,,,,,,,,,,,,,,,,,,,
FI,Finnish,drinks,olut,viini,viina,limsa,,,,,,,,,,,,,,,,,,,,,,,,,,,,,,,,,,,,,,,,,,
FI,Finnish,establishments,ravintola,kahvila,baari,pubi,kuppila,kapakka,,,,,,,,,,,,,,,,,,,,,,,,,,,,,,,,,,,,,,,,
FI,Finnish,fruit,omena,banaani,appelsiini,päärynä,luumu,persikka,,,,,,,,,,,,,,,,,,,,,,,,,,,,,,,,,,,,,,,,
FI,Finnish,hotdrinks,kahvia,teetä,kaakaota,,,,,,,,,,,,,,,,,,,,,,,,,,,,,,,,,,,,,,,,,,,
FI,Finnish,months,tammikuu,helmikuu,maaliskuu,huhtikuu,toukokuu,kesäkuu,heinäkuu,elokuu,syyskuu,lokakuu,marraskuu,joulukuu,,,,,,,,,,,,,,,,,,,,,,,,,,,,,,,,,,
FI,Finnish,nordics,suomi,ruotsi,tanska,norja,islanti,,,,,,,,,,,,,,,,,,,,,,,,,,,,,,,,,,,,,,,,,
FI,Finnish,organs,penis,emätin,sydän,munuainen,maksa,,,,,,,,,,,,,,,,,,,,,,,,,,,,,,,,,,,,,,,,,
FI,Finnish,vegetables,tomaatti,avokado,porkkana,pinaatti,kurkku,herne,paprika,sipuli,salaatti,lanttu,,,,,,,,,,,,,,,,,,,,,,,,,,,,,,,,,,,,
FI,Finnish,weekdays,maanantai,tiistai,keskiviikko,torstai,perjantai,lauantai,sunnuntai,,,,,,,,,,,,,,,,,,,,,,,,,,,,,,,,,,,,,,,
FR,French,abbrevmonths,jan,fév,mar,avr,mai,jun,juil,aoû,sep,oct,nov,déc,,,,,,,,,,,,,,,,,,,,,,,,,,,,,,,,,,
FR,French,cities,paris,londres,bruxelles,amsterdam,berlin,stockholm,francfort,,,,,,,,,,,,,,,,,,,,,,,,,,,,,,,,,,,,,,,
FR,French,colours,rouge,vert,bleu,jaune,noir,blanc,brun,,,,,,,,,,,,,,,,,,,,,,,,,,,,,,,,,,,,,,,
FR,French,dayparts,matin,soir,après-midi,,,,,,,,,,,,,,,,,,,,,,,,,,,,,,,,,,,,,,,,,,,
FR,French,drinks,bière,vin,cidre,liqueur,cognac,cocktail,,,,,,,,,,,,,,,,,,,,,,,,,,,,,,,,,,,,,,,,
FR,French,establishments,restaurant,bistrot,brasserie,bar,resto,,,,,,,,,,,,,,,,,,,,,,,,,,,,,,,,,,,,,,,,,
FR,French,fruit,pomme,ananas ,poire,abricot,banane,,,,,,,,,,,,,,,,,,,,,,,,,,,,,,,,,,,,,,,,,
FR,French,hotdrinks,café,thé,chocolat chaud,,,,,,,,,,,,,,,,,,,,,,,,,,,,,,,,,,,,,,,,,,,
FR,French,months,janvier,février,mars,avril,mai,juin,juillet,août,septembre,octobre,novembre,décembre,,,,,,,,,,,,,,,,,,,,,,,,,,,,,,,,,,
FR,French,nordics,suède,finlande,danemark,norvège,islande,,,,,,,,,,,,,,,,,,,,,,,,,,,,,,,,,,,,,,,,,
FR,French,organs,cœur,rein,foie,vessie,vagin,pénis,,,,,,,,,,,,,,,,,,,,,,,,,,,,,,,,,,,,,,,,
FR,French,vegetables,tomate,carotte,oignon,concombre,céleri,salade,épinards,,,,,,,,,,,,,,,,,,,,,,,,,,,,,,,,,,,,,,,
FR,French,weekdays,lundi,mardi,mercredi,jeudi,vendredi,samedi,dimanche,,,,,,,,,,,,,,,,,,,,,,,,,,,,,,,,,,,,,,,
HE,Hebrew,abbrevmonths,ינ',פב',מרץ,אפ',מאי,יוני,יולי,אוג',ספט',אוק',נוב',דצ',,,,,,,,,,,,,,,,,,,,,,,,,,,,,,,,,,
HE,Hebrew,cities,פריז,לונדון,רומא,אמסטרדם,בריסל,ברצלונה,מוסקבה,סוחומי,קמפלה,,,,,,,,,,,,,,,,,,,,,,,,,,,,,,,,,,,,,
HE,Hebrew,colours,צהבהב,אדום,ירוק,כחול,צהוב,שחור,חום,כתום,ורוד,תכלת,טורקיז,אפרסק,,,,,,,,,,,,,,,,,,,,,,,,,,,,,,,,,,
HE,Hebrew,dayparts,זריחה,אחר-צהריים,בין-ערביים,לילה,עֶרֶב,"אחה""צ",,,,,,,,,,,,,,,,,,,,,,,,,,,,,,,,,,,,,,,,
HE,Hebrew,drinks,סודה,בירה,מיץ,לימונדה,שייק,יין,קוקטייל,,,,,,,,,,,,,,,,,,,,,,,,,,,,,,,,,,,,,,,
HE,Hebrew,establishments,מסעדה,פאב,מאפיה,בר,,,,,,,,,,,,,,,,,,,,,,,,,,,,,,,,,,,,,,,,,,
HE,Hebrew,fruit,בננה,תפוח,שזיפים,אפרסמון,רימון ,פסיפלורה,פומלה,אננס,תאנה ,מנגו,,,,,,,,,,,,,,,,,,,,,,,,,,,,,,,,,,,,
HE,Hebrew,hotdrinks,קפה,תה,שוקו,,,,,,,,,,,,,,,,,,,,,,,,,,,,,,,,,,,,,,,,,,,
HE,Hebrew,months,ינואר,פברואר,מרץ,אפריל,מאי,יוני,יולי,אוגוסט,ספטמבר,אוקטובר,נובמבר,דצמבר,,,,,,,,,,,,,,,,,,,,,,,,,,,,,,,,,,
HE,Hebrew,nordics,שבדיה,פינלנד,דנמרק,נורווגיה,איסלנד,,,,,,,,,,,,,,,,,,,,,,,,,,,,,,,,,,,,,,,,,
HE,Hebrew,organs,פין,נרתיק,כִּליָה,כָּבֵד,לֵב,שַׁלפּוּחִית הַשֶׁתֶן,,,,,,,,,,,,,,,,,,,,,,,,,,,,,,,,,,,,,,,,
HE,Hebrew,vegetables,מלפפון,פלפל,גזר,צנון,כרובית,ארטישוק,חציל,אנדיב,קישוא,בצל,לפת,,,,,,,,,,,,,,,,,,,,,,,,,,,,,,,,,,,
HE,Hebrew,weekdays,שני,שלישי,רביעי,חמישי,שישי,שבת,ראשון,,,,,,,,,,,,,,,,,,,,,,,,,,,,,,,,,,,,,,,
HI,Hindi,abbrevmonths,जन,फर,मार्च,अप्रै,मई,जून,जुला,अग,सित,अक्टू,नव,दिस,,,,,,,,,,,,,,,,,,,,,,,,,,,,,,,,,,
HI,Hindi,cities,लंदन,पेरिस,ब्रसेल्स,बर्लिन,रोम,मैड्रिड,टोक्यो,,,,,,,,,,,,,,,,,,,,,,,,,,,,,,,,,,,,,,,
HI,Hindi,colours,लाल,हरा,नीला,पीला,काला,सफेद,भूरा,नारंगी,,,,,,,,,,,,,,,,,,,,,,,,,,,,,,,,,,,,,,
HI,Hindi,dayparts,सुबह,शाम,रात,दिन,दोपहर,,,,,,,,,,,,,,,,,,,,,,,,,,,,,,,,,,,,,,,,,
HI,Hindi,drinks,बीयर,शराब,शराब,सोडा,,,,,,,,,,,,,,,,,,,,,,,,,,,,,,,,,,,,,,,,,,
HI,Hindi,establishments,रेस्टोरेंट,बिस्टरो,कैफे,भोजनगृह,मधुशाला,शराबखाना,बेकरी,,,,,,,,,,,,,,,,,,,,,,,,,,,,,,,,,,,,,,,
HI,Hindi,fruit,सेब,अनन्नास,नाशपाती,नारंगी,,,,,,,,,,,,,,,,,,,,,,,,,,,,,,,,,,,,,,,,,,
HI,Hindi,hotdrinks,कॉफी,चाय,कोको,,,,,,,,,,,,,,,,,,,,,,,,,,,,,,,,,,,,,,,,,,,
HI,Hindi,months,जनवरी,फरवरी,मार्च,अप्रैल,मई,जून,जुलाई,अगस्त,सितम्बर,अक्टूबर,नवम्बर,दिसम्बर,,,,,,,,,,,,,,,,,,,,,,,,,,,,,,,,,,
HI,Hindi,nordics,स्वीडन,फिनलैंड,डेनमार्क,नॉर्वे,आइसलैंड,,,,,,,,,,,,,,,,,,,,,,,,,,,,,,,,,,,,,,,,,
HI,Hindi,organs,शिश्न,योनि,गुर्दा,यकृत,हृदय,मूत्राशय,,,,,,,,,,,,,,,,,,,,,,,,,,,,,,,,,,,,,,,,
HI,Hindi,vegetables,टमाटर,एवोकैडो,गाजर,पालक,ककड़ी,अजवाइन,प्याज,सलाद,,,,,,,,,,,,,,,,,,,,,,,,,,,,,,,,,,,,,,
HI,Hindi,weekdays,सोमवार,मंगलवार,बुधवार,गुरुवार,शुक्रवार,शनिवार,रविवार,,,,,,,,,,,,,,,,,,,,,,,,,,,,,,,,,,,,,,,
HR,Croatian,abbrevmonths,sij,vel,ožu,tra,svi,lip,srp,kol,ruj,lis,stu,pro,,,,,,,,,,,,,,,,,,,,,,,,,,,,,,,,,,
HR,Croatian,cities,London,Pariz,Bruxelles,Berlin,Rim,Madrid,Tokio,,,,,,,,,,,,,,,,,,,,,,,,,,,,,,,,,,,,,,,
HR,Croatian,colours,crvena,zelena,plava,žuta,crna,bijela,smeđa,narančasta,,,,,,,,,,,,,,,,,,,,,,,,,,,,,,,,,,,,,,
HR,Croatian,dayparts,jutro,večer,noć,dan,poslije podne,,,,,,,,,,,,,,,,,,,,,,,,,,,,,,,,,,,,,,,,,
HR,Croatian,drinks,pivo,vino,liker,soda,,,,,,,,,,,,,,,,,,,,,,,,,,,,,,,,,,,,,,,,,,
HR,Croatian,establishments,restoran,caffe bar,bar,,,,,,,,,,,,,,,,,,,,,,,,,,,,,,,,,,,,,,,,,,,
HR,Croatian,fruit,banana,ananas,kruška,limun,jabuka,,,,,,,,,,,,,,,,,,,,,,,,,,,,,,,,,,,,,,,,,
HR,Croatian,hotdrinks,kava,čaj,kakao,,,,,,,,,,,,,,,,,,,,,,,,,,,,,,,,,,,,,,,,,,,
HR,Croatian,months,siječanj,veljača,ožujak,travanj,svibanj,lipanj,srpanj,kolovoz,rujan,listopad,studeni,prosinac,,,,,,,,,,,,,,,,,,,,,,,,,,,,,,,,,,
HR,Croatian,nordics,Švedska,Finska,Danska,Norveška,Island,,,,,,,,,,,,,,,,,,,,,,,,,,,,,,,,,,,,,,,,,
HR,Croatian,organs,bubrega,jetre,mokraćnog mjehura,srce,,,,,,,,,,,,,,,,,,,,,,,,,,,,,,,,,,,,,,,,,,
HR,Croatian,vegetables,rajčica,mrkva,krastavac,luk,krumpir,salata,,,,,,,,,,,,,,,,,,,,,,,,,,,,,,,,,,,,,,,,
HR,Croatian,weekdays,ponedjeljak,utorak,srijeda,četvrtak,petak,subota,nedjelja,,,,,,,,,,,,,,,,,,,,,,,,,,,,,,,,,,,,,,,
HU,Hungarian,abbrevmonths,Jan,Febr,Márc,Ápr,Máj,Jún,Júl,Aug,Szept,Okt,Nov,Dec,,,,,,,,,,,,,,,,,,,,,,,,,,,,,,,,,,
HU,Hungarian,cities,London,Párizs,Brüsszel,Berlin,Róma,Madrid,Tokyo,,,,,,,,,,,,,,,,,,,,,,,,,,,,,,,,,,,,,,,
HU,Hungarian,colours,piros,zöld,kék,sárga,fekete,fehér,barna,narancssárga,,,,,,,,,,,,,,,,,,,,,,,,,,,,,,,,,,,,,,
HU,Hungarian,dayparts,Reggel ,Délután,este,éjszaka,,,,,,,,,,,,,,,,,,,,,,,,,,,,,,,,,,,,,,,,,,
HU,Hungarian,drinks,sör,bor,likőr,ásványvíz,,,,,,,,,,,,,,,,,,,,,,,,,,,,,,,,,,,,,,,,,,
HU,Hungarian,establishments,étterem,kávézó,bár,,,,,,,,,,,,,,,,,,,,,,,,,,,,,,,,,,,,,,,,,,,
HU,Hungarian,fruit,alma,narancs,körte,őszibarack,banán,,,,,,,,,,,,,,,,,,,,,,,,,,,,,,,,,,,,,,,,,
HU,Hungarian,hotdrinks,tea,Kávé,Kakaó,,,,,,,,,,,,,,,,,,,,,,,,,,,,,,,,,,,,,,,,,,,
HU,Hungarian,months,január,február,március,április,május,június,július,augusztus,szeptember,október,november,december,,,,,,,,,,,,,,,,,,,,,,,,,,,,,,,,,,
HU,Hungarian,nordics,svédország,finnország,dánia,norvégia,izland,,,,,,,,,,,,,,,,,,,,,,,,,,,,,,,,,,,,,,,,,
HU,Hungarian,organs,vese,máj,hólyag,,,,,,,,,,,,,,,,,,,,,,,,,,,,,,,,,,,,,,,,,,,
HU,Hungarian,vegetables,paradicsom,burgonya,hagyma,Uborka,Saláta,,,,,,,,,,,,,,,,,,,,,,,,,,,,,,,,,,,,,,,,,
HU,Hungarian,weekdays,hétfő,kedd,szerda,csütörtök,péntek,szombat,vasárnap,,,,,,,,,,,,,,,,,,,,,,,,,,,,,,,,,,,,,,,
ID,Indonesian,abbrevmonths,jan,feb,mar,apr,mei,jun,jul,agu,sep,okt,nov,des,,,,,,,,,,,,,,,,,,,,,,,,,,,,,,,,,,
ID,Indonesian,cities,bangkok,hanoi,singapura,kuala lumpur,london,roma,paris,tokyo,berlin,brussels,madrid,,,,,,,,,,,,,,,,,,,,,,,,,,,,,,,,,,,
ID,Indonesian,colours,merah,hijau,biru,kuning,hitam,putih,cokelat,oranye,,,,,,,,,,,,,,,,,,,,,,,,,,,,,,,,,,,,,,
ID,Indonesian,dayparts,pagi,sore,malam,siang,sore,,,,,,,,,,,,,,,,,,,,,,,,,,,,,,,,,,,,,,,,,
ID,Indonesian,drinks,bir,anggur,soda,jus,susu,,,,,,,,,,,,,,,,,,,,,,,,,,,,,,,,,,,,,,,,,
ID,Indonesian,establishments,restoran,kafe,bar,pub,,,,,,,,,,,,,,,,,,,,,,,,,,,,,,,,,,,,,,,,,,
ID,Indonesian,fruit,apel,nanas,pir,jeruk,anggur,semangka,pisang,,,,,,,,,,,,,,,,,,,,,,,,,,,,,,,,,,,,,,,
ID,Indonesian,hotdrinks,kopi,teh,cokelat,,,,,,,,,,,,,,,,,,,,,,,,,,,,,,,,,,,,,,,,,,,
ID,Indonesian,months,januari,februari,maret,april,mei,juni,juli,agustus,september,oktober,november,desember,,,,,,,,,,,,,,,,,,,,,,,,,,,,,,,,,,
ID,Indonesian,nordics,swedia,finlandia,denmark,norwegia,islandia,,,,,,,,,,,,,,,,,,,,,,,,,,,,,,,,,,,,,,,,,
ID,Indonesian,organs,vagina,penis,ginjal,liver,bladder,,,,,,,,,,,,,,,,,,,,,,,,,,,,,,,,,,,,,,,,,
ID,Indonesian,vegetables,tomat,alpukat,wortel,bayam,mentimun,seledri,bawang,salad,ketimun,,,,,,,,,,,,,,,,,,,,,,,,,,,,,,,,,,,,,
ID,Indonesian,weekdays,senin,selasa,rabu,kamis,jumat,sabtu,minggu,,,,,,,,,,,,,,,,,,,,,,,,,,,,,,,,,,,,,,,
IS,Icelandic,abbrevmonths,jan,feb,mar,apr,maí,jún,júl,ág,sep,okt,nóv,des,,,,,,,,,,,,,,,,,,,,,,,,,,,,,,,,,,
IS,Icelandic,cities,london,parís,brussel,berlín,róm,madríd,tókíó,,,,,,,,,,,,,,,,,,,,,,,,,,,,,,,,,,,,,,,
IS,Icelandic,colours,rauður,grænn,blár,gulur,svartur,hvítur,brúnn,appelsínugulur,,,,,,,,,,,,,,,,,,,,,,,,,,,,,,,,,,,,,,
IS,Icelandic,dayparts,morgunn,kvöld,nótt,dagur,eftirmiðdegi,síðdegi,dagur,hádegi,,,,,,,,,,,,,,,,,,,,,,,,,,,,,,,,,,,,,,
IS,Icelandic,drinks,bjór,vín,áfengi,gosdrykkur,gos,safi,,,,,,,,,,,,,,,,,,,,,,,,,,,,,,,,,,,,,,,,
IS,Icelandic,establishments,veitingastaður,veitingaskáli,kaffihús,söluskáli,bar,pöbb,bakarí,sjoppa,krá,veitingahús,,,,,,,,,,,,,,,,,,,,,,,,,,,,,,,,,,,,
IS,Icelandic,fruit,epli,ananas,pera,appelsína,banani,plóma,mangó,kíví,,,,,,,,,,,,,,,,,,,,,,,,,,,,,,,,,,,,,,
IS,Icelandic,hotdrinks,kaffi,te,kakó,,,,,,,,,,,,,,,,,,,,,,,,,,,,,,,,,,,,,,,,,,,
IS,Icelandic,months,janúar,febrúar,mars,apríl,maí,júní,júlí,ágúst,september,október,nóvember,desember,,,,,,,,,,,,,,,,,,,,,,,,,,,,,,,,,,
IS,Icelandic,nordics,svíþjóð,finnland,danmörk,noregur,ísland,,,,,,,,,,,,,,,,,,,,,,,,,,,,,,,,,,,,,,,,,
IS,Icelandic,organs,getnaðarlimur,leggöng,nýrun,lifur,hjarta,þvagblöðru,,,,,,,,,,,,,,,,,,,,,,,,,,,,,,,,,,,,,,,,
IS,Icelandic,vegetables,tómatur,avókadó,gulrót,spínat,gúrka,sellerí,laukur,salat,paprika,,,,,,,,,,,,,,,,,,,,,,,,,,,,,,,,,,,,,
IS,Icelandic,weekdays,mánudagur,þriðjudagur,miðvikudagur,fimmtudagur,föstudagur,laugardagur,sunnudagur,,,,,,,,,,,,,,,,,,,,,,,,,,,,,,,,,,,,,,,
IT,Italian,abbrevmonths,gen,feb,mar,apr,mag,giu,lug,ago,set,ott,nov,dic,,,,,,,,,,,,,,,,,,,,,,,,,,,,,,,,,,
IT,Italian,cities,londra,parigi,helsinki,berlino,vienna,madrid,tokyo,barcellona,,,,,,,,,,,,,,,,,,,,,,,,,,,,,,,,,,,,,,
IT,Italian,colours,rosso,verde,blu,giallo,nero,bianco,marrone,arancio,grigio,beige,,,,,,,,,,,,,,,,,,,,,,,,,,,,,,,,,,,,
IT,Italian,dayparts,mattina,sera,giorno,notte,mezzogiorno,mezzanotte,,,,,,,,,,,,,,,,,,,,,,,,,,,,,,,,,,,,,,,,
IT,Italian,drinks,birra,liquori,vino,limonata,spumante,aranciata,granita,,,,,,,,,,,,,,,,,,,,,,,,,,,,,,,,,,,,,,,
IT,Italian,establishments,café,bar,pasticceria,ristorante,panetteria,gelateria,pizzeria,,,,,,,,,,,,,,,,,,,,,,,,,,,,,,,,,,,,,,,
IT,Italian,fruit,limone,arancia,pesca,uva,pera,albicocca,mela,prugna,,,,,,,,,,,,,,,,,,,,,,,,,,,,,,,,,,,,,,
IT,Italian,hotdrinks,caffè,tè,cacao,tisana,,,,,,,,,,,,,,,,,,,,,,,,,,,,,,,,,,,,,,,,,,
IT,Italian,months,gennaio,febbraio,marzo,aprile,maggio,giugno,luglio,agosto,settembre,ottobre,novembre,dicembre,,,,,,,,,,,,,,,,,,,,,,,,,,,,,,,,,,
IT,Italian,nordics,svezia,finlandia,danimarca,norvegia,islanda,,,,,,,,,,,,,,,,,,,,,,,,,,,,,,,,,,,,,,,,,
IT,Italian,organs,pene,vagina,fegato,rene,vescica,cuore,,,,,,,,,,,,,,,,,,,,,,,,,,,,,,,,,,,,,,,,
IT,Italian,vegetables,pomodoro,carota,cipolla,peperoni,patate,carciofi,zucchine,,,,,,,,,,,,,,,,,,,,,,,,,,,,,,,,,,,,,,,
IT,Italian,weekdays,lunedi,martedì,mercoledì,giovedi,venerdì,sabato,domenica,,,,,,,,,,,,,,,,,,,,,,,,,,,,,,,,,,,,,,,
JA,Japanese,abbrevmonths,1月,2月,3月,4月,4月,6月,7月,8月,9月,10月,11月,12月,,,,,,,,,,,,,,,,,,,,,,,,,,,,,,,,,,
JA,Japanese,cities,ロンドン,パリ,ニューヨーク,ベルリン,ローマ,マドリード,東京,北京,京都,,,,,,,,,,,,,,,,,,,,,,,,,,,,,,,,,,,,,
JA,Japanese,colours,赤,緑,青,黄色,黒,白,灰色,茶色,,,,,,,,,,,,,,,,,,,,,,,,,,,,,,,,,,,,,,
JA,Japanese,dayparts,午後,午前,朝,晩,夜,,,,,,,,,,,,,,,,,,,,,,,,,,,,,,,,,,,,,,,,,
JA,Japanese,drinks,ビール,お酒,日本酒,ソフトドリンク,,,,,,,,,,,,,,,,,,,,,,,,,,,,,,,,,,,,,,,,,,
JA,Japanese,establishments,レストラン,居酒屋　喫茶店　カフェ,,,,,,,,,,,,,,,,,,,,,,,,,,,,,,,,,,,,,,,,,,,,
JA,Japanese,fruit,林檎,バナナ,ナシ,オレンジ,イチゴ,ブドウ,,,,,,,,,,,,,,,,,,,,,,,,,,,,,,,,,,,,,,,,
JA,Japanese,hotdrinks,お茶,コーヒー,抹茶,紅茶,,,,,,,,,,,,,,,,,,,,,,,,,,,,,,,,,,,,,,,,,,
JA,Japanese,months,一月,二月,三月,四月,五月,六月,七月,八月,九月,十月,十一月,十二月,,,,,,,,,,,,,,,,,,,,,,,,,,,,,,,,,,
JA,Japanese,nordics,スウェーデン,フィンランド,デンマーク,ノルウェー,アイスランド,,,,,,,,,,,,,,,,,,,,,,,,,,,,,,,,,,,,,,,,,
JA,Japanese,organs,膣,陰茎,腎臓,心臓,肝臓,膀胱,,,,,,,,,,,,,,,,,,,,,,,,,,,,,,,,,,,,,,,,
JA,Japanese,vegetables,トマト,アボカド,玉ねぎ,ほうれん草,大根,長芋,ニンジン,,,,,,,,,,,,,,,,,,,,,,,,,,,,,,,,,,,,,,,
JA,Japanese,weekdays,月曜日,火曜日,水曜日,木曜日,金曜日,土曜日,日曜日,,,,,,,,,,,,,,,,,,,,,,,,,,,,,,,,,,,,,,,
JV,Javanese,abbrevmonths,jan,peb,mar,apr,mei,jun,jul,agt,sep,okt,nop,des,,,,,,,,,,,,,,,,,,,,,,,,,,,,,,,,,,
JV,"All forms in Javanese provided in ngoko (basic, neutral language), instead of krama (polite, respectful language)",cities,london,paris,brusel,berlin,roma,madrid,tokyo,,,,,,,,,,,,,,,,,,,,,,,,,,,,,,,,,,,,,,,
JV,Javanese,colours,abang,ijo,biru,kuning,ireng,putih,coklat,oranye,,,,,,,,,,,,,,,,,,,,,,,,,,,,,,,,,,,,,,
JV,Javanese,dayparts,esuk,bengi,awan,sore,,,,,,,,,,,,,,,,,,,,,,,,,,,,,,,,,,,,,,,,,,
JV,Javanese,drinks,bir,anggur,omben-omben,soda,,,,,,,,,,,,,,,,,,,,,,,,,,,,,,,,,,,,,,,,,,
JV,Javanese,establishments,restoran,bistro,kafe,restoran,bar,pub,toko roti,,,,,,,,,,,,,,,,,,,,,,,,,,,,,,,,,,,,,,,
JV,Javanese,fruit,apel,nanas,pir,jeruk,,,,,,,,,,,,,,,,,,,,,,,,,,,,,,,,,,,,,,,,,,
JV,Javanese,hotdrinks,kopi,teh,coklat,,,,,,,,,,,,,,,,,,,,,,,,,,,,,,,,,,,,,,,,,,,
JV,Javanese,months,januari,pebruari,maret,april,mei,juni,juli,agustus,september,oktober,nopember,desember,,,,,,,,,,,,,,,,,,,,,,,,,,,,,,,,,,
JV,Javanese,nordics,swedia,finlandia,denmark,norwegia,islandia,,,,,,,,,,,,,,,,,,,,,,,,,,,,,,,,,,,,,,,,,
JV,Javanese,organs,vagina,penis,ati,ginjel,jantung,kandung kemih,,,,,,,,,,,,,,,,,,,,,,,,,,,,,,,,,,,,,,,,
JV,Javanese,vegetables,tomat,apokat,wortel,bayem,timun,sledri,brambang,selad,,,,,,,,,,,,,,,,,,,,,,,,,,,,,,,,,,,,,,
JV,Javanese,weekdays,senin,selasa,rebo,kemis,jemuwah,setu,minggu,,,,,,,,,,,,,,,,,,,,,,,,,,,,,,,,,,,,,,,
KO,Korean,abbrevmonths,1월,2월,3월,4월,5월,6월,7월,8월,9월,10월,11월,12월,,,,,,,,,,,,,,,,,,,,,,,,,,,,,,,,,,
KO,Korean,cities,런던,파리,브뤼셀,베를린,로마,마드리드,도쿄,서울,,,,,,,,,,,,,,,,,,,,,,,,,,,,,,,,,,,,,,
KO,Korean,colours,빨강,초록,파랑,노랑,검정,흰색,갈색,주황,,,,,,,,,,,,,,,,,,,,,,,,,,,,,,,,,,,,,,
KO,Korean,dayparts,아침,저녁,밤,낮,오후,,,,,,,,,,,,,,,,,,,,,,,,,,,,,,,,,,,,,,,,,
KO,Korean,drinks,맥주,와인,막걸리,사이다,소주,,,,,,,,,,,,,,,,,,,,,,,,,,,,,,,,,,,,,,,,,
KO,Korean,establishments,비스트로,카페,식당,바,펍,베이커리,노래방,PC방,,,,,,,,,,,,,,,,,,,,,,,,,,,,,,,,,,,,,,
KO,Korean,fruit,사과,파인애플,배,오렌지,포도,,,,,,,,,,,,,,,,,,,,,,,,,,,,,,,,,,,,,,,,,
KO,Korean,hotdrinks,커피,차,코코아,현미차,녹차,,,,,,,,,,,,,,,,,,,,,,,,,,,,,,,,,,,,,,,,,
KO,Korean,months,1월,2월,3월,4월,5월,6월,7월,8월,9월,10월,11월,12월,,,,,,,,,,,,,,,,,,,,,,,,,,,,,,,,,,
KO,Korean,nordics,스웨덴,핀란드,덴마크,노르웨이,아이슬란드,,,,,,,,,,,,,,,,,,,,,,,,,,,,,,,,,,,,,,,,,
KO,Korean,organs,질,음경,간,심장,신장,방광,,,,,,,,,,,,,,,,,,,,,,,,,,,,,,,,,,,,,,,,
KO,Korean,vegetables,토마토,아보카도,당근,시금치,오이,샐러리,양파,샐러드,,,,,,,,,,,,,,,,,,,,,,,,,,,,,,,,,,,,,,
KO,Korean,weekdays,월요일,화요일,수요일,목요일,금요일,토요일,일요일,,,,,,,,,,,,,,,,,,,,,,,,,,,,,,,,,,,,,,,
LT,Lithuanian,abbrevmonths,Sau,Vas,Kov,Bal,Geg,Bir,Lie,Rgp,Rgs,Spl,Lap,Grd,,,,,,,,,,,,,,,,,,,,,,,,,,,,,,,,,,
LT,Lithuanian,cities,Londonas,paryžius,Briuselis,Berlynas,roma,Madridas,Tokijas,Dublinas,Strasbūras,Ryga,Talinas,Maskva,Krymas,Kaliningradas,Varšuva,,,,,,,,,,,,,,,,,,,,,,,,,,,,,,,
LT,Lithuanian,colours,raudonas,žalias,mėlynas,geltonas,juodas,baltas,rudas,oranžinis,pilkas,violetinis,alyvinis,žydras,,,,,,,,,,,,,,,,,,,,,,,,,,,,,,,,,,
LT,Lithuanian,dayparts,rytas,vidurdienis,popietė,naktis,diena,vakaras,pietūs,,,,,,,,,,,,,,,,,,,,,,,,,,,,,,,,,,,,,,,
LT,Lithuanian,drinks,alus,vynas,likeris,gaivieji gėrimai,naminė,degtinė,konjakas,viskis,trauktinė,šampanas,midus,brendis,sidras,tekila,vermutas,džinas,,,,,,,,,,,,,,,,,,,,,,,,,,,,,,
LT,Lithuanian,establishments,restoranas,kavinė,baras,smuklė,aludė,užeiga,arbatinė,,,,,,,,,,,,,,,,,,,,,,,,,,,,,,,,,,,,,,,
LT,Lithuanian,fruit,obuolys,apelsinas,figa,kriaušė,ananasas,braškė,avietė,mėlynė,žemuogė,serbentas,agrastas,slyva,vyšnia,,,,,,,,,,,,,,,,,,,,,,,,,,,,,,,,,
LT,Lithuanian,hotdrinks,arbata,kava,kakava,,,,,,,,,,,,,,,,,,,,,,,,,,,,,,,,,,,,,,,,,,,
LT,Lithuanian,months,sausis,vasaris,kovas,balandis,gegužė,birželis,liepa,rugpjūtis,rugsėjis,spalis,lapkritis,gruodis,,,,,,,,,,,,,,,,,,,,,,,,,,,,,,,,,,
LT,Lithuanian,nordics,Švedija,Suomija,Danija,Norvegija,Islandija,,,,,,,,,,,,,,,,,,,,,,,,,,,,,,,,,,,,,,,,,
LT,Lithuanian,organs,inkstai,kepenys,šlapimo pūslė,širdis,blūžnis,tulžies pūslė,plaučiai,,,,,,,,,,,,,,,,,,,,,,,,,,,,,,,,,,,,,,,
LT,Lithuanian,vegetables,morka,agurkas,svogūnas,bulvė,pomidoras,kopūstas,špinatai,burokėliai,salieras,,,,,,,,,,,,,,,,,,,,,,,,,,,,,,,,,,,,,
LT,Lithuanian,weekdays,pirmadienis,antradienis,trečiadienis,ketvirtadienis,penktadienis,šeštadienis,sekmadienis,,,,,,,,,,,,,,,,,,,,,,,,,,,,,,,,,,,,,,,
LV,Latvian,abbrevmonths,jan,feb,mar,apr,mai,jun,jul,aug,sep,okt,nov,dec,,,,,,,,,,,,,,,,,,,,,,,,,,,,,,,,,,
LV,Latvian,cities,Londona,Parīze,Brisele,Berlīne,Roma,Madride,Tokija,,,,,,,,,,,,,,,,,,,,,,,,,,,,,,,,,,,,,,,
LV,Latvian,colours,sarkans,zaļš,zils,dzeltens,melns,balts,brūns,oranžs,,,,,,,,,,,,,,,,,,,,,,,,,,,,,,,,,,,,,,
LV,Latvian,dayparts,rīts,vakars,nakts,diena,pēcpusdiena,,,,,,,,,,,,,,,,,,,,,,,,,,,,,,,,,,,,,,,,,
LV,Latvian,drinks,alus,vīns,liķieris,limonāde,sula,minerālūdens,,,,,,,,,,,,,,,,,,,,,,,,,,,,,,,,,,,,,,,,
LV,Latvian,establishments,restorāns,bistro,kafejnīca,bufete,bārs,krogs,maiznīca,,,,,,,,,,,,,,,,,,,,,,,,,,,,,,,,,,,,,,,
LV,Latvian,fruit,ābols,ananass,bumbieris,apelsīns,banāns,mandarīni,,,,,,,,,,,,,,,,,,,,,,,,,,,,,,,,,,,,,,,,
LV,Latvian,hotdrinks,kafija,tēja,kakao,karsta šokolāde,,,,,,,,,,,,,,,,,,,,,,,,,,,,,,,,,,,,,,,,,,
LV,Latvian,months,janvāris,februāris,marts,aprīlis,maijs,jūnijs,jūlijs,augusts,septembris,oktobris,novembris,decembris,,,,,,,,,,,,,,,,,,,,,,,,,,,,,,,,,,
LV,Latvian,nordics,Zviedrija,Somija,Dānija,Norvēģija,Īslande,,,,,,,,,,,,,,,,,,,,,,,,,,,,,,,,,,,,,,,,,
LV,Latvian,organs,vagīna,penis,niere,aknas,sirds,urīnpūslis,,,,,,,,,,,,,,,,,,,,,,,,,,,,,,,,,,,,,,,,
LV,Latvian,vegetables,tomāts,avokado,burkāns,spināti,gurķis,selerija,sīpols,salāti,,,,,,,,,,,,,,,,,,,,,,,,,,,,,,,,,,,,,,
LV,Latvian,weekdays,pirmdiena,otrdiena,trešdiena,ceturtdiena,piektdiena,sestdiena,svētdiena,,,,,,,,,,,,,,,,,,,,,,,,,,,,,,,,,,,,,,,
MS,Malay,abbrevmonths,jan,feb,mac,apr,mei,jun,jul,ogos,sep,okt,nov,dis,,,,,,,,,,,,,,,,,,,,,,,,,,,,,,,,,,
MS,Malay,cities,london,paris,brussel,berlin,rom,madrid,tokyo,,,,,,,,,,,,,,,,,,,,,,,,,,,,,,,,,,,,,,,
MS,Malay,colours,merah,hijau,biru,kuning,hitam,putih,perang,oren,,,,,,,,,,,,,,,,,,,,,,,,,,,,,,,,,,,,,,
MS,Malay,dayparts,pagi,petang,malam,siang,tengah hari,subuh,tengah malam,,,,,,,,,,,,,,,,,,,,,,,,,,,,,,,,,,,,,,,
MS,Malay,drinks,bir,wain,arak,soda,jus,koktel,minuman tin,,,,,,,,,,,,,,,,,,,,,,,,,,,,,,,,,,,,,,,
MS,Malay,establishments,restoran,bistro,kafe,rumah makan,bar,pub,bakeri,tempat makan,,,,,,,,,,,,,,,,,,,,,,,,,,,,,,,,,,,,,,
MS,Malay,fruit,epal,nanas,pear,oren,durian,betik,rambutan,anggur,tembikai,mangga,buah pear,buah lai,,,,,,,,,,,,,,,,,,,,,,,,,,,,,,,,,,
MS,Malay,hotdrinks,kopi,teh,koko,milo,nestlo,nestum,kopi susu,,,,,,,,,,,,,,,,,,,,,,,,,,,,,,,,,,,,,,,
MS,Malay,months,januari,februari,mac,april,mei,jun,julai,ogos,september,oktober,november,disember,,,,,,,,,,,,,,,,,,,,,,,,,,,,,,,,,,
MS,Malay,nordics,sweden,finland,denmark,norway,iceland,,,,,,,,,,,,,,,,,,,,,,,,,,,,,,,,,,,,,,,,,
MS,Malay,organs,zakar,faraj,hati,buah pinggang,pundi kencing,hati,,,,,,,,,,,,,,,,,,,,,,,,,,,,,,,,,,,,,,,,
MS,Malay,vegetables,tomato,avokado,lobak,bayam,timun,saderi,bawang,salad,sawi,kobis,terung,kacang panjang,,,,,,,,,,,,,,,,,,,,,,,,,,,,,,,,,,
MS,Malay,weekdays,isnin,selasa,rabu,khamis,jumaat,sabtu,ahad,,,,,,,,,,,,,,,,,,,,,,,,,,,,,,,,,,,,,,,
NL,Dutch,abbrevmonths,jan,feb,mar,apr,mei,jun,jul,aug,sept,okt,nov,dec,,,,,,,,,,,,,,,,,,,,,,,,,,,,,,,,,,
NL,Dutch,cities,londen,parijs,amsterdam,brussel,berlin,stockholm,,,,,,,,,,,,,,,,,,,,,,,,,,,,,,,,,,,,,,,,
NL,Dutch,colours,rood,groen,blauw,geel,zwart,wit,bruin,oranje,,,,,,,,,,,,,,,,,,,,,,,,,,,,,,,,,,,,,,
NL,Dutch,dayparts,ochtend,avond,nacht,dag,middag,,,,,,,,,,,,,,,,,,,,,,,,,,,,,,,,,,,,,,,,,
NL,Dutch,drinks,bier,wijn,likeur,frisdrank,sap,melk,water,,,,,,,,,,,,,,,,,,,,,,,,,,,,,,,,,,,,,,,
NL,Dutch,establishments,restaurant,bistro,café,snackbar,bar,pub,bakkerij,,,,,,,,,,,,,,,,,,,,,,,,,,,,,,,,,,,,,,,
NL,Dutch,fruit,appel,ananas,peer,sinasappel,banaan,druif,,,,,,,,,,,,,,,,,,,,,,,,,,,,,,,,,,,,,,,,
NL,Dutch,hotdrinks,koffie,thee,chocolademelk,,,,,,,,,,,,,,,,,,,,,,,,,,,,,,,,,,,,,,,,,,,
NL,Dutch,months,januari,februari,maart,april,mei,juni,juli,augustus,september,oktober,november,december,,,,,,,,,,,,,,,,,,,,,,,,,,,,,,,,,,
NL,Dutch,nordics,zweden,finland,denemarken,noorwegen,ijsland,,,,,,,,,,,,,,,,,,,,,,,,,,,,,,,,,,,,,,,,,
NL,Dutch,organs,vagina,penis,nier ,lever,hart ,urineblaas,,,,,,,,,,,,,,,,,,,,,,,,,,,,,,,,,,,,,,,,
NL,Dutch,vegetables,tomaat,avocado,wortel,spinazie,komkommer,selderij,ui,sla,andijvie,,,,,,,,,,,,,,,,,,,,,,,,,,,,,,,,,,,,,
NL,Dutch,weekdays,maandag,dinsdag,woensdag,donderdag,vrijdag,zaterdag,zondag,,,,,,,,,,,,,,,,,,,,,,,,,,,,,,,,,,,,,,,
NO,Norwegian,abbrevmonths,jan,feb,mar,apr,mai,jun,jul,aug,sep,okt,nov,des,,,,,,,,,,,,,,,,,,,,,,,,,,,,,,,,,,
NO,Norwegian,cities,london,paris,stockholm,aten,berlin,amsterdam,brussel,,,,,,,,,,,,,,,,,,,,,,,,,,,,,,,,,,,,,,,
NO,Norwegian,colours,rød,grønn,blå,gul,sort,hvit,brun,oransje,,,,,,,,,,,,,,,,,,,,,,,,,,,,,,,,,,,,,,
NO,Norwegian,dayparts,morgen,kveld,natt,dag,ettermiddag,,,,,,,,,,,,,,,,,,,,,,,,,,,,,,,,,,,,,,,,,
NO,Norwegian,drinks,øl,vin,brennevin,,,,,,,,,,,,,,,,,,,,,,,,,,,,,,,,,,,,,,,,,,,
NO,Norwegian,establishments,restaurant,kafe,bar,,,,,,,,,,,,,,,,,,,,,,,,,,,,,,,,,,,,,,,,,,,
NO,Norwegian,fruit,eple,appelsin,pære,banan,,,,,,,,,,,,,,,,,,,,,,,,,,,,,,,,,,,,,,,,,,
NO,Norwegian,hotdrinks,kaffe,te,kakao,,,,,,,,,,,,,,,,,,,,,,,,,,,,,,,,,,,,,,,,,,,
NO,Norwegian,months,januar,februar,mars,april,mai,juni,juli,august,september,oktober,november,desember,,,,,,,,,,,,,,,,,,,,,,,,,,,,,,,,,,
NO,Norwegian,nordics,sverige,finland,norge,danmark,island,,,,,,,,,,,,,,,,,,,,,,,,,,,,,,,,,,,,,,,,,
NO,Norwegian,organs,penis,vagina,lever,nyre,hjerte,urinblære,,,,,,,,,,,,,,,,,,,,,,,,,,,,,,,,,,,,,,,,
NO,Norwegian,vegetables,tomat,gulrot,spinat,agurk,løk,,,,,,,,,,,,,,,,,,,,,,,,,,,,,,,,,,,,,,,,,
NO,Norwegian,weekdays,mandag,tirsdag,onsdag,torsdag,fredag,lørdag,søndag,,,,,,,,,,,,,,,,,,,,,,,,,,,,,,,,,,,,,,,
PL,Polish,abbrevmonths,sty,lut,mar,kwi,maj,cze,lip,sie,wrz,paż,lis,gru,,,,,,,,,,,,,,,,,,,,,,,,,,,,,,,,,,
PL,Polish,cities,londyn,paryż,bruksela,berlin,rzym,madryt,tokio,,,,,,,,,,,,,,,,,,,,,,,,,,,,,,,,,,,,,,,
PL,Polish,colours,czerwony,zielony,niebieski,żółty,czarny,biały,brązowy,pomarańczowy,,,,,,,,,,,,,,,,,,,,,,,,,,,,,,,,,,,,,,
PL,Polish,dayparts,poranek,wieczór,noc,dzień,popołudnie,,,,,,,,,,,,,,,,,,,,,,,,,,,,,,,,,,,,,,,,,
PL,Polish,drinks,piwo,wino,likier,napój,gazowany,,,,,,,,,,,,,,,,,,,,,,,,,,,,,,,,,,,,,,,,,
PL,Polish,establishments,restauracja,bistro,kawiarnia,obiad,bar,pub,piekarnia,,,,,,,,,,,,,,,,,,,,,,,,,,,,,,,,,,,,,,,
PL,Polish,fruit,jabłko,gruszka,pomarańcza,ananas,,,,,,,,,,,,,,,,,,,,,,,,,,,,,,,,,,,,,,,,,,
PL,Polish,hotdrinks,kawa,herbata,kakao,,,,,,,,,,,,,,,,,,,,,,,,,,,,,,,,,,,,,,,,,,,
PL,Polish,months,styczeń,luty,marzec,kwiecień,maj,czerwiec,lipiec,sierpień,wrzesień,październik,listopad,grudzień,,,,,,,,,,,,,,,,,,,,,,,,,,,,,,,,,,
PL,Polish,nordics,szwecja,finlandia,dania,norwegia,islandia,,,,,,,,,,,,,,,,,,,,,,,,,,,,,,,,,,,,,,,,,
PL,Polish,organs,pochwa,penis,wątroba,nerka,serce,pęcherz moczowy,,,,,,,,,,,,,,,,,,,,,,,,,,,,,,,,,,,,,,,,
PL,Polish,vegetables,pomidor,awokado,marchewka,szpinak,ogórek,seler,cebula,sałata,,,,,,,,,,,,,,,,,,,,,,,,,,,,,,,,,,,,,,
PL,Polish,weekdays,poniedziałek,wtorek,środa,czwartek,piątek,sobota,niedziela,,,,,,,,,,,,,,,,,,,,,,,,,,,,,,,,,,,,,,,
PT,Portuguese,abbrevmonths,Jan,Fev,Mar,Abr,Mai,Jun,Jul,Ago,Set,Out,Nov,Dez,,,,,,,,,,,,,,,,,,,,,,,,,,,,,,,,,,
PT,Portuguese,cities,londres,paris,bruxelas,berlim,roma,madrid,tokyo,,,,,,,,,,,,,,,,,,,,,,,,,,,,,,,,,,,,,,,
PT,Portuguese,colours,vermelho,verde,azul,amarelo,preto,branco,marrom,,,,,,,,,,,,,,,,,,,,,,,,,,,,,,,,,,,,,,,
PT,Portuguese,dayparts,manhã,noite,dia,tarde,,,,,,,,,,,,,,,,,,,,,,,,,,,,,,,,,,,,,,,,,,
PT,Portuguese,drinks,cerveja,vinho,licor,água,,,,,,,,,,,,,,,,,,,,,,,,,,,,,,,,,,,,,,,,,,
PT,Portuguese,establishments,restaurante,café,bar,boteco,,,,,,,,,,,,,,,,,,,,,,,,,,,,,,,,,,,,,,,,,,
PT,Portuguese,fruit,maçã,banana,pera,laranja,pêssego,toranja,melão,,,,,,,,,,,,,,,,,,,,,,,,,,,,,,,,,,,,,,,
PT,Portuguese,hotdrinks,café,chá,chocolate quente,,,,,,,,,,,,,,,,,,,,,,,,,,,,,,,,,,,,,,,,,,,
PT,Portuguese,months,janeiro,fevereiro,março,abril,maio,junho,julho,agosto,setembro,outubro,novembro,dezembro,,,,,,,,,,,,,,,,,,,,,,,,,,,,,,,,,,
PT,Portuguese,nordics,suécia,finlândia,dinamarca,noruega,islândia,,,,,,,,,,,,,,,,,,,,,,,,,,,,,,,,,,,,,,,,,
PT,Portuguese,organs,rim,fígado,bexiga,coração,pênis,vagina,,,,,,,,,,,,,,,,,,,,,,,,,,,,,,,,,,,,,,,,
PT,Portuguese,vegetables,tomate,cenoura,pepino,aipo,cebola,salada,,,,,,,,,,,,,,,,,,,,,,,,,,,,,,,,,,,,,,,,
PT,Portuguese,weekdays,segunda,terça,quarta,quinta,sexta,sábado,domingo,,,,,,,,,,,,,,,,,,,,,,,,,,,,,,,,,,,,,,,
RO,Romanian,abbrevmonths,ian,feb,mar,apr,mai,iun,iul,aug,sept,oct,nov,dec,,,,,,,,,,,,,,,,,,,,,,,,,,,,,,,,,,
RO,Romanian,cities,londra,bruxelles,paris,berlin,roma,madrid,tokyo,,,,,,,,,,,,,,,,,,,,,,,,,,,,,,,,,,,,,,,
RO,Romanian,colours,roșu,verde,albastru,galben,negru,alb,maro,portocaliu,,,,,,,,,,,,,,,,,,,,,,,,,,,,,,,,,,,,,,
RO,Romanian,dayparts,dimineața,seară,după-amiază,după masă,noapte,zi,,,,,,,,,,,,,,,,,,,,,,,,,,,,,,,,,,,,,,,,
RO,Romanian,drinks,bere,lichior,vin,suc,băutură carbogazoasă,,,,,,,,,,,,,,,,,,,,,,,,,,,,,,,,,,,,,,,,,
RO,Romanian,establishments,restaurant,bistrou,cafenea,cantina,bar,pub,patiserie,,,,,,,,,,,,,,,,,,,,,,,,,,,,,,,,,,,,,,,
RO,Romanian,fruit,ananas,banană,portocală,pară,ananas,piersică,lubeniţă,căpşuni,cireşe,,,,,,,,,,,,,,,,,,,,,,,,,,,,,,,,,,,,,
RO,Romanian,hotdrinks,ceai,cafea,ciocolată caldă,,,,,,,,,,,,,,,,,,,,,,,,,,,,,,,,,,,,,,,,,,,
RO,Romanian,months,ianuarie,februarie,martie,aprilie,mai,iunie,iulie,august,septembrie,octombrie,noiembrie,decembrie,,,,,,,,,,,,,,,,,,,,,,,,,,,,,,,,,,
RO,Romanian,nordics,suedia,finlanda,danemarca,norvegia,islanda,,,,,,,,,,,,,,,,,,,,,,,,,,,,,,,,,,,,,,,,,
RO,Romanian,organs,pulmonare,ficat ,rinichi,vezica urinară,inimă,penis,vagin,,,,,,,,,,,,,,,,,,,,,,,,,,,,,,,,,,,,,,,
RO,Romanian,vegetables,tomate,morcov,spanac,salată,castravete,țelină,ceapă,roșie,avocado,,,,,,,,,,,,,,,,,,,,,,,,,,,,,,,,,,,,,
RO,Romanian,weekdays,luni,marţi ,miercuri,joi,vineri,sâmbătă ,duminică ,,,,,,,,,,,,,,,,,,,,,,,,,,,,,,,,,,,,,,,
RU,Russian,abbrevmonths,янв,фев,март,апр,май,июн,июл,авг,сен,окт,ноя,дек,,,,,,,,,,,,,,,,,,,,,,,,,,,,,,,,,,
RU,Russian,cities,лондон,париж,рим,брюссель,берлин,мадрид,токио,,,,,,,,,,,,,,,,,12,,,,,,,,,,,,,,,,,,,,,,
RU,Russian,colours,красный,зеленый,синий,желтый,черный,белый,коричневый,оранжевый,,,,,,,,,,,,,,,,,,,,,,,,,,,,,,,,,,,,,,
RU,Russian,dayparts,утро,вечер,ночь,день,,,,,,,,,,,,,,,,,,,,,,,,,,,,,,,,,,,,,,,,,,
RU,Russian,drinks,пиво,вино,компот,лимонад,газировка,морс,квас,,,,,,,,,,,,,,,,,,,,,,,,,,,,,,,,,,,,,,,
RU,Russian,establishments,ресторан,бистро,кафе,бар,паб,кондитерская,булочная,буфет,кабак,,,,,,,,,,,,,,,,,,,,,,,,,,,,,,,,,,,,,
RU,Russian,fruit,яблоко,банан,слива,апельсин,мандарин,грейпфрут,персик,абрикос,,,,,,,,,,,,,,,,,,,,,,,,,,,,,,,,,,,,,,
RU,Russian,hotdrinks,кофе,чай,какао,глинтвейн,,,,,,,,,,,,,,,,,,,,,,,,,,,,,,,,,,,,,,,,,,
RU,Russian,months,январь,февраль,март,апрель,май,июнь,июль,август,сентябрь,октябрь,ноябрь,декабрь,,,,,,,,,,,,,,,,,,,,,,,,,,,,,,,,,,
RU,Russian,nordics,швеция,финляндия,дания,норвегия,исландия,,,,,,,,,,,,,,,,,,,,,,,,,,,,,,,,,,,,,,,,,
RU,Russian,organs,печень,почки,желудок,кишечник,селезёнка,,,,,,,,,,,,,,,,,,,,,,,,,,,,,,,,,,,,,,,,,
RU,Russian,vegetables,картошка,помидор,морковь,огурец,лук,свекла,перец,сельдерей,,,,,,,,,,,,,,,,,,,,,,,,,,,,,,,,,,,,,,
RU,Russian,weekdays,понедельник,вторник,среда,четверг,пятница,суббота,воскресенье,,,,,,,,,,,,,,,,,,,,,,,,,,,,,,,,,,,,,,,
SK,Slovak,abbrevmonths,jan,feb,mar,apr,máj,jún,júl ,aug,sept,okt,nov,dec,,,,,,,,,,,,,,,,,,,,,,,,,,,,,,,,,,
SK,Slovak,cities,londýn,paríž,brusel,berlín,rím,madrid,tokio,bratislava,,,,,,,,,,,,,,,,,,,,,,,,,,,,,,,,,,,,,,
SK,Slovak,colours,červená,zelená,modrá,žltá,čierna,biela,hnedá,oranžová,,,,,,,,,,,,,,,,,,,,,,,,,,,,,,,,,,,,,,
SK,Slovak,dayparts,úsvit,ráno,predpoludnie,deň,popoludnie,večer,noc,východ,západ,naobed,,,,,,,,,,,,,,,,,,,,,,,,,,,,,,,,,,,,
SK,Slovak,drinks,pivo,víno,nealko,likér,malinovka,kola,džús,minerálna voda,,,,,,,,,,,,,,,,,,,,,,,,,,,,,,,,,,,,,,
SK,Slovak,establishments,reštaurácia,kaviareň,bar,krčma,bufet,jedáleň,cukráreň,,,,,,,,,,,,,,,,,,,,,,,,,,,,,,,,,,,,,,,
SK,Slovak,fruit,jablko,hruška,broskyňa,slivka,pomaranč,ananás,banán,malina,,,,,,,,,,,,,,,,,,,,,,,,,,,,,,,,,,,,,,
SK,Slovak,hotdrinks,káva,čaj,kakao,kapučíno,,,,,,,,,,,,,,,,,,,,,,,,,,,,,,,,,,,,,,,,,,
SK,Slovak,months,január,február,marec,apríl,máj,jún,júl,august,september,október,november,december,,,,,,,,,,,,,,,,,,,,,,,,,,,,,,,,,,
SK,Slovak,nordics,švédsko,fínsko,dánsko,nórsko,island,,,,,,,,,,,,,,,,,,,,,,,,,,,,,,,,,,,,,,,,,
SK,Slovak,organs,penis,vagína,pečeň,oblička,srdce,močový mechúr,,,,,,,,,,,,,,,,,,,,,,,,,,,,,,,,,,,,,,,,
SK,Slovak,vegetables,paradajka,mrkva,paprika,špenát,uhorka,zeler,cibuľa,šalát,,,,,,,,,,,,,,,,,,,,,,,,,,,,,,,,,,,,,,
SK,Slovak,weekdays,pondelok,utorok,streda,štvrtok,piatok,sobota,nedeľa,,,,,,,,,,,,,,,,,,,,,,,,,,,,,,,,,,,,,,,
SL,Slovenian,abbrevmonths,jan,feb,mar,apr,maj,jun,jul,avg,sep,okt,nov,dec,,,,,,,,,,,,,,,,,,,,,,,,,,,,,,,,,,
SL,Slovenian,cities,london,pariz,bruselj,berlin,rim,madrid,tokio,,,,,,,,,,,,,,,,,,,,,,,,,,,,,,,,,,,,,,,
SL,Slovenian,colours,rdeča,zelena,modra,rumena,črna,bela,rjava,oranžna,,,,,,,,,,,,,,,,,,,,,,,,,,,,,,,,,,,,,,
SL,Slovenian,dayparts,jutro,večer,noč,dan,popoldne,dopoldne,,,,,,,,,,,,,,,,,,,,,,,,,,,,,,,,,,,,,,,,
SL,Slovenian,drinks,pivo,vino,žganje,gazirana pijača,pir,,,,,,,,,,,,,,,,,,,,,,,,,,,,,,,,,,,,,,,,,
SL,Slovenian,establishments,restavracija,bistro,kafič,menza,bar,pub,pekarna,slaščičarna,gostilna,okrepčevalnica,lokal,kavarna,,,,,,,,,,,,,,,,,,,,,,,,,,,,,,,,,,
SL,Slovenian,fruit,jabolko,ananas,hruška,pomaranča,,,,,,,,,,,,,,,,,,,,,,,,,,,,,,,,,,,,,,,,,,
SL,Slovenian,hotdrinks,kava,čaj,kakav,kofe,,,,,,,,,,,,,,,,,,,,,,,,,,,,,,,,,,,,,,,,,,
SL,Slovenian,months,januar,februar,marec,april,maj,junij,julij,avgust,september,oktober,november,december,,,,,,,,,,,,,,,,,,,,,,,,,,,,,,,,,,
SL,Slovenian,nordics,švedska,finska,danska,norveška,islandija,,,,,,,,,,,,,,,,,,,,,,,,,,,,,,,,,,,,,,,,,
SL,Slovenian,organs,vagína,penis,ledvica,jetra,srce,séčni mehúr,,,,,,,,,,,,,,,,,,,,,,,,,,,,,,,,,,,,,,,,
SL,Slovenian,vegetables,paradižnik,avokado,korenje,špinača,kumara,zelena,čebula,solata, ledenka,endivja,paradajz,,,,,,,,,,,,,,,,,,,,,,,,,,,,,,,,,,,
SL,Slovenian,weekdays,ponedeljek,torek,sreda,četrtek,petek,sobota,nedelja,,,,,,,,,,,,,,,,,,,,,,,,,,,,,,,,,,,,,,,
SQ,Albanian,abbrevmonths,Jan,Shk,Mar,Pri,Maj,Qer,Kor,Gus,Sht,Tet,Nën,Dhj,,,,,,,,,,,,,,,,,,,,,,,,,,,,,,,,,,
SQ,Albanian,cities,Londra,Parisi,Brukseli,Berlini,Roma,Madridi,Tokio,,,,,,,,,,,,,,,,,,,,,,,,,,,,,,,,,,,,,,,
SQ,Albanian,colours,e kuqe,e gjelbër,e kaltër,e verdhë,e zezë,e bardhë,ngjyrë kafe,ngjyrë portokalli,,,,,,,,,,,,,,,,,,,,,,,,,,,,,,,,,,,,,,
SQ,Albanian,dayparts,mëngjes,para dite,drek,pas dite,mbrëmje,natë,ditë,herët,,,,,,,,,,,,,,,,,,,,,,,,,,,,,,,,,,,,,,
SQ,Albanian,drinks,pije freskuese,birra,vera,rakia,lëng,,,,,,,,,,,,,,,,,,,,,,,,,,,,,,,,,,,,,,,,,
SQ,Albanian,establishments,restorant,lokal,pab,lokal,kafeteri,qendër tregtare,,,,,,,,,,,,,,,,,,,,,,,,,,,,,,,,,,,,,,,,
SQ,Albanian,fruit,mollë,ananasi,dardhë,portokall,rrush,,,,,,,,,,,,,,,,,,,,,,,,,,,,,,,,,,,,,,,,,
SQ,Albanian,hotdrinks,kafe,çaj,kakao,,,,,,,,,,,,,,,,,,,,,,,,,,,,,,,,,,,,,,,,,,,
SQ,Albanian,months,Janar,Shkurt,Mars,Prill,Maj,Qershor,Korrik,Gusht,Shtator,Tetor,Nëntor,Dhjetor,,,,,,,,,,,,,,,,,,,,,,,,,,,,,,,,,,
SQ,Albanian,nordics,suedia,finlanda,danimarka,norvegjia,islanda,,,,,,,,,,,,,,,,,,,,,,,,,,,,,,,,,,,,,,,,,
SQ,Albanian,organs,veshkë,mëlçi,fshikëz,zemër,,,,,,,,,,,,,,,,,,,,,,,,,,,,,,,,,,,,,,,,,,
SQ,Albanian,vegetables,brokoli,lakra,karota,bizelet,speci,Qepët,spinaqi,hudhra,kastravec,trangull,,,,,,,,,,,,,,,,,,,,,,,,,,,,,,,,,,,,
SQ,Albanian,weekdays,e hënë,e martë,e mërkurë,e enjte,e premte,e shtunë,e diel,,,,,,,,,,,,,,,,,,,,,,,,,,,,,,,,,,,,,,,
SV,Swedish,abbrevmonths,jan,feb,mar,apr,maj,jun,jul,aug,sep,okt,nov,dec,,,,,,,,,,,,,,,,,,,,,,,,,,,,,,,,,,
SV,Swedish,cities,london,paris,bryssel,berlin,oslo,helsingfors,rom,tokyo,madrid,beijing,,,,,,,,,,,,,,,,,,,,,,,,,,,,,,,,,,,,
SV,Swedish,colours,röd,grön,blå,gul,svart,vit,brun,beige,,,,,,,,,,,,,,,,,,,,,,,,,,,,,,,,,,,,,,
SV,Swedish,dayparts,morgon,förmiddag,eftermiddag,kväll,natt,dag,,,,,,,,,,,,,,,,,,,,,,,,,,,,,,,,,,,,,,,,
SV,Swedish,drinks,öl,vin,sprit,läsk,,,,,,,,,,,,,,,,,,,,,,,,,,,,,,,,,,,,,,,,,,
SV,Swedish,establishments,restaurang,bistro,kafé,krog,bar,pub,konditori,bageri,,,,,,,,,,,,,,,,,,,,,,,,,,,,,,,,,,,,,,
SV,Swedish,fruit,äpple,apelsin,banan,päron,jordgubbe,,,,,,,,,,,,,,,,,,,,,,,,,,,,,,,,,,,,,,,,,
SV,Swedish,hotdrinks,kaffe,te,varm choklad,glögg,,,,,,,,,,,,,,,,,,,,,,,,,,,,,,,,,,,,,,,,,,
SV,Swedish,months,januari,februari,mars,april,maj,juni,juli,augusti,september,oktober,november,december,,,,,,,,,,,,,,,,,,,,,,,,,,,,,,,,,,
SV,Swedish,nordics,sverige,finland,norge,danmark,island,,,,,,,,,,,,,,,,,,,,,,,,,,,,,,,,,,,,,,,,,
SV,Swedish,organs,hjärta,lever,njure,urinblåsa,slida,penis,,,,,,,,,,,,,,,,,,,,,,,,,,,,,,,,,,,,,,,,
SV,Swedish,vegetables,tomat,avokado,morot,spenat,gurka,paprika,lök,sallad,,,,,,,,,,,,,,,,,,,,,,,,,,,,,,,,,,,,,,
SV,Swedish,weekdays,måndag,tisdag,onsdag,torsdag,fredag,lördag,söndag,,,,,,,,,,,,,,,,,,,,,,,,,,,,,,,,,,,,,,,
SW,Swahili,abbrevmonths,jan,feb,mac,apr,mei,jun,jul,ago,sep,okt,nov,des,,,,,,,,,,,,,,,,,,,,,,,,,,,,,,,,,,
SW,Swahili,cities,london,paris,brussels,berlin,rome,madrid,tokyo,,,,,,,,,,,,,,,,,,,,,,,,,,,,,,,,,,,,,,,
SW,Swahili,colours,ekundu,buluu,manjano,eusi,eupe,hadharani,chungwa,,,,,,,,,,,,,,,,,,,,,,,,,,,,,,,,,,,,,,,
SW,Swahili,dayparts,asubuhi,alasiri,jioni,usiku,,,,,,,,,,,,,,,,,,,,,,,,,,,,,,,,,,,,,,,,,,
SW,Swahili,drinks,pombe,soda,maji,maji matamu,mvinyo,,,,,,,,,,,,,,,,,,,,,,,,,,,,,,,,,,,,,,,,,
SW,Swahili,establishments,mgahawa,cafe,bar,,,,,,,,,,,,,,,,,,,,,,,,,,,,,,,,,,,,,,,,,,,
SW,Swahili,fruit,nanasi,embe,ndizi,chungwa,,,,,,,,,,,,,,,,,,,,,,,,,,,,,,,,,,,,,,,,,,
SW,Swahili,hotdrinks,kahawa,chai,cocoa,,,,,,,,,,,,,,,,,,,,,,,,,,,,,,,,,,,,,,,,,,,
SW,Swahili,months,januari,februari,machi,aprili,mei,juni,julai,agosti,septemba,oktoba,novemba,desemba,,,,,,,,,,,,,,,,,,,,,,,,,,,,,,,,,,
SW,Swahili,nordics,sweden,norway,denmark,finland,iceland,,,,,,,,,,,,,,,,,,,,,,,,,,,,,,,,,,,,,,,,,
SW,Swahili,organs,figo,ini,kibofu,mboo,kuma,moyo,,,,,,,,,,,,,,,,,,,,,,,,,,,,,,,,,,,,,,,,
SW,Swahili,vegetables,sukuma wiki,viazi,kitunguu,nyanya,mboga,,,,,,,,,,,,,,,,,,,,,,,,,,,,,,,,,,,,,,,,,
SW,Swahili,weekdays,jumatatu,jumanne,jumatano,alhamisi,ijumaa,jumamosi,jumapili,,,,,,,,,,,,,,,,,,,,,,,,,,,,,,,,,,,,,,,
TH,Thai,abbrevmonths,ม.ค.,ก.พ.,มี.ค.,เม.ย.,พ.ค.,มิ.ย.,ก.ค.,ส.ค.,ก.ย.,ต.ค.,พ.ย.,ธ.ค.,,,,,,,,,,,,,,,,,,,,,,,,,,,,,,,,,,
TH,Thai,cities,ลอนดอน,ปารีส,เบอร์ลิน,บรัสเซลส์,โรม,มาดริด,โตเกียว,,,,,,,,,,,,,,,,,,,,,,,,,,,,,,,,,,,,,,,
TH,Thai,colours,สีแดง,สีเขียว,สีน้ำเงิน,สีเหลือง,ดำ,สีขาว,สีน้ำตาล,สีส้ม,,,,,,,,,,,,,,,,,,,,,,,,,,,,,,,,,,,,,,
TH,Thai,dayparts,เช้า,ตอนบ่าย,ตอนเย็น,"กลางคืน
",,,,,,,,,,,,,,,,,,,,,,,,,,,,,,,,,,,,,,,,,,
TH,Thai,drinks,เบียร์,ไวน์,โซดา,,,,,,,,,,,,,,,,,,,,,,,,,,,,,,,,,,,,,,,,,,,
TH,Thai,establishments,ร้านอาหาร,คาเฟ่,บาร์,,,,,,,,,,,,,,,,,,,,,,,,,,,,,,,,,,,,,,,,,,,
TH,Thai,fruit,มะม่วง,ลิ้นจี่,กล้วย,ฝรั่ง,แก้วมังกร,,,,,,,,,,,,,,,,,,,,,,,,,,,,,,,,,,,,,,,,,
TH,Thai,hotdrinks,"ชา
","กาแฟ
",ชาเขียว,,,,,,,,,,,,,,,,,,,,,,,,,,,,,,,,,,,,,,,,,,,
TH,Thai,months,มกราคม,กุมภาพันธ์,มีนาคม,เมษายน,พฤษภาคม,มิถุนายน,กรกฎาคม,สิงหาคม,กันยายน,ตุลาคม,พฤศจิกายน,ธันวาคม,,,,,,,,,,,,,,,,,,,,,,,,,,,,,,,,,,
TH,Thai,nordics,สวีเดน,นอร์เวย์,ฟินแลนด์,เดนมาร์ก,ไอซ์แลนด์,,,,,,,,,,,,,,,,,,,,,,,,,,,,,,,,,,,,,,,,,
TH,Thai,organs,ไต,ตับ,กระเพาะปัสสาวะ,หัวใจ,องคชาต,ช่องคลอด,,,,,,,,,,,,,,,,,,,,,,,,,,,,,,,,,,,,,,,,
TH,Thai,vegetables,มะเขือเทศ,มันฝรั่ง,หัวหอม,"แตงกวา
",ผักกาดหอม,,,,,,,,,,,,,,,,,,,,,,,,,,,,,,,,,,,,,,,,,
TH,Thai,weekdays,วันจันทร์ ,วันอังคาร,วันพุธ,วันพฤหัสบดี ,วันศุกร์,วันเสาร์,วันอาทิตย์,,,,,,,,,,,,,,,,,,,,,,,,,,,,,,,,,,,,,,,
TL,Tagalog,abbrevmonths,ene,peb,mar,abr,may,hun,hul,ago,set,okt,nob,dis,,,,,,,,,,,,,,,,,,,,,,,,,,,,,,,,,,
TL,Tagalog,cities,london,paris,brussels,berlin,roma,madrid,tokyo,,,,,,,,,,,,,,,,,,,,,,,,,,,,,,,,,,,,,,,
TL,Tagalog,colours,pula,berde,asul,dilaw,itim,puti,kayumanggi,kahel,,,,,,,,,,,,,,,,,,,,,,,,,,,,,,,,,,,,,,
TL,Tagalog,dayparts,umaga,gabi,araw,hapon,tanghali,dapit-hapon,hating-gabi,magdamag,maghapon,takip-silim,bukang-liwayway,madaling araw,,,,,,,,,,,,,,,,,,,,,,,,,,,,,,,,,,
TL,Tagalog,drinks,serbesa,alak,soda,lambanog,tuba,palamig,,,,,,,,,,,,,,,,,,,,,,,,,,,,,,,,,,,,,,,,
TL,Tagalog,establishments,restawran,bistro,karinderya,kainan,bar,pab,panaderya,kapihan,,,,,,,,,,,,,,,,,,,,,,,,,,,,,,,,,,,,,,
TL,Tagalog,fruit,mansanas,pinya,peras,kahel,mangga,saging,ubas,bayabas,suha,sampalok,,,,,,,,,,,,,,,,,,,,,,,,,,,,,,,,,,,,
TL,Tagalog,hotdrinks,kape,tsaa,kakaw,salabat,,,,,,,,,,,,,,,,,,,,,,,,,,,,,,,,,,,,,,,,,,
TL,Tagalog,months,enero,pebrero,marso,abril,mayo,Hunyo,hulyo,agosto,setyembre,oktubre,nobyembre,disyembre,,,,,,,,,,,,,,,,,,,,,,,,,,,,,,,,,,
TL,Tagalog,nordics,sweden,finland,denmark,norway,iceland,,,,,,,,,,,,,,,,,,,,,,,,,,,,,,,,,,,,,,,,,
TL,Tagalog,organs,titi,puki,atay,bato,puso,pantog,,,,,,,,,,,,,,,,,,,,,,,,,,,,,,,,,,,,,,,,
TL,Tagalog,vegetables,kamatis,abokado,karot,mustasa,pipino,kintsay,sibuyas,salad,labong,munggo,,,,,,,,,,,,,,,,,,,,,,,,,,,,,,,,,,,,
TL,Tagalog,weekdays,lunes,martes,miyerkules,huwebes,biyernes,sabado,linggo,,,,,,,,,,,,,,,,,,,,,,,,,,,,,,,,,,,,,,,
TR,Turkish,abbrevmonths,Oca,Şub,Mar,Nis,May,Haz,Tem,Ağu,Eyl,Eki,Kas,Ara,,,,,,,,,,,,,,,,,,,,,,,,,,,,,,,,,,
TR,Turkish,cities,londra,paris,brüksel,berlin,roma,madrid,tokyo,İstanbul,,,,,,,,,,,,,,,,,,,,,,,,,,,,,,,,,,,,,,
TR,Turkish,colours,kırmızı,yeşil,mavi,sarı,siyah,beyaz,kahverengi,turuncu,,,,,,,,,,,,,,,,,,,,,,,,,,,,,,,,,,,,,,
TR,Turkish,dayparts,sabah,gün,gece,akşam,öğleden sonra,,,,,,,,,,,,,,,,,,,,,,,,,,,,,,,,,,,,,,,,,
TR,Turkish,drinks,bira,ayran,kola,soda,portakal suyu,rakı,şarap,likör,,,,,,,,,,,,,,,,,,,,,,,,,,,,,,,,,,,,,,
TR,Turkish,establishments,lokanta,bistro,kafe,akşam yemeği,meyhane,birahane,fırın,kahvehane,,,,,,,,,,,,,,,,,,,,,,,,,,,,,,,,,,,,,,
TR,Turkish,fruit,elma,muz,armut,portakal,Çilek,İncir,Üzüm,ananas,,,,,,,,,,,,,,,,,,,,,,,,,,,,,,,,,,,,,,
TR,Turkish,hotdrinks,Çay,Kahve,Sıcak çikolata,Salep,,,,,,,,,,,,,,,,,,,,,,,,,,,,,,,,,,,,,,,,,,
TR,Turkish,months,ocak,şubat,mart,nisan,mayıs,haziran,temmuz,ağustos,eylül,ekim,kasım,aralık,,,,,,,,,,,,,,,,,,,,,,,,,,,,,,,,,,
TR,Turkish,nordics,İsveç,Finlandiya,Danimarka,Norveç,İzlanda,,,,,,,,,,,,,,,,,,,,,,,,,,,,,,,,,,,,,,,,,
TR,Turkish,organs,penis,vajina,böbrek,karaciğer,kalp,mesane,,,,,,,,,,,,,,,,,,,,,,,,,,,,,,,,,,,,,,,,
TR,Turkish,vegetables,domates,avokado,havuç,ıspanak,salatalık/hıyar,kereviz,soğan,salata,,,,,,,,,,,,,,,,,,,,,,,,,,,,,,,,,,,,,,
TR,Turkish,weekdays,Pazartesi,Salı,Çarşamba,Perşembe,Cuma,Cumartesi,Pazar,,,,,,,,,,,,,,,,,,,,,,,,,,,,,,,,,,,,,,,
UK,Ukrainian,abbrevmonths,Січ,Лют,Бер,Кві,Тра,Чер,Лип,Сер,Вер,Жов,Лис,Гру,,,,,,,,,,,,,,,,,,,,,,,,,,,,,,,,,,
UK,Ukrainian,cities,Лондон,Паріс,Брюссель,Берлін,Рим,Мадрид,Токійський,,,,,,,,,,,,,,,,,,,,,,,,,,,,,,,,,,,,,,,
UK,Ukrainian,colours,Червоний,зелений,блакитний,жовтий,чорний,бiлий,коричневий,помаранчевий,,,,,,,,,,,,,,,,,,,,,,,,,,,,,,,,,,,,,,
UK,Ukrainian,dayparts,Ранок,вечiр,нiч,день,свiтанок,вечерня,,,,,,,,,,,,,,,,,,,,,,,,,,,,,,,,,,,,,,,,
UK,Ukrainian,drinks,Пиво,вино,горiлка,водка,лiкер,,,,,,,,,,,,,,,,,,,,,,,,,,,,,,,,,,,,,,,,,
UK,Ukrainian,establishments,Ресторацiя,кафе,пекарня,,,,,,,,,,,,,,,,,,,,,,,,,,,,,,,,,,,,,,,,,,,
UK,Ukrainian,fruit,Яблоко,Груша,полуниця,суниця,абрикос,вишня,,,,,,,,,,,,,,,,,,,,,,,,,,,,,,,,,,,,,,,,
UK,Ukrainian,hotdrinks,Кава,чай,какао,узвар,,,,,,,,,,,,,,,,,,,,,,,,,,,,,,,,,,,,,,,,,,
UK,Ukrainian,months,січень,лютий,березень,квітень,травень,червень,липень,серпень,вересень,жовтень,листопад,грудень,,,,,,,,,,,,,,,,,,,,,,,,,,,,,,,,,,
UK,Ukrainian,nordics,Швецiя,Фiнляндiя,Данiя,Норвегiя,Iсландiя,,,,,,,,,,,,,,,,,,,,,,,,,,,,,,,,,,,,,,,,,
UK,Ukrainian,organs,пеніс,піхва,печінка,нирка,сечовий міхур,серце,,,,,,,,,,,,,,,,,,,,,,,,,,,,,,,,,,,,,,,,
UK,Ukrainian,vegetables,Помiдор,огiрок,картопля,морква,цибуля,буряк,гарбуз,,,,,,,,,,,,,,,,,,,,,,,,,,,,,,,,,,,,,,,
UK,Ukrainian,weekdays,понеділок,вівторок,середа,четвер,п'ятниця,субота,неділя,,,,,,,,,,,,,,,,,,,,,,,,,,,,,,,,,,,,,,,
UR,Urdu,abbrevmonths,,,,,,,,,,,,,,,,,,,,,,,,,,,,,,,,,,,,,,,,,,,,,,
UR,Urdu,cities,لندن,پیرس,برسلز,برلن,روم,میڈرڈ,ٹوکیو,,,,,,,,,,,,,,,,,,,,,,,,,,,,,,,,,,,,,,,
UR,Urdu,colours,لال,ہرا,نیلا,پیلا,کالا,سفید,خاکی,نارنجی,,,,,,,,,,,,,,,,,,,,,,,,,,,,,,,,,,,,,,
UR,Urdu,dayparts,صبح,شام,رات,دن,سہ پہر,,,,,,,,,,,,,,,,,,,,,,,,,,,,,,,,,,,,,,,,,
UR,Urdu,drinks,شراب,سوڈا,لسی,,,,,,,,,,,,,,,,,,,,,,,,,,,,,,,,,,,,,,,,,,,
UR,Urdu,establishments,ریسٹورنٹ,بسٹرو,کیفے,ہوٹل,بار,شراب خانہ,بیکری,,,,,,,,,,,,,,,,,,,,,,,,,,,,,,,,,,,,,,,
UR,Urdu,fruit,سیب,انناس,ناشپاتی,مالٹا,آم,امرود,کیلا,تربوز,,,,,,,,,,,,,,,,,,,,,,,,,,,,,,,,,,,,,,
UR,Urdu,hotdrinks,کافی,چائے,کوکو,قہوہ,,,,,,,,,,,,,,,,,,,,,,,,,,,,,,,,,,,,,,,,,,
UR,Urdu,months,جنوری,فروری,مارچ,اپریل,مئی,جون,جولائی,اگست,ستمبر,اکتوبر,نومبر,دسمبر,,,,,,,,,,,,,,,,,,,,,,,,,,,,,,,,,,
UR,Urdu,nordics,سویڈن,فن لینڈ,ڈنمارک,ناروے,آئس لینڈ,,,,,,,,,,,,,,,,,,,,,,,,,,,,,,,,,,,,,,,,,
UR,Urdu,organs,اندام نہانی,عضو تناسل,قلب,جگر,گردہ,مثانہ,,,,,,,,,,,,,,,,,,,,,,,,,,,,,,,,,,,,,,,,
UR,Urdu,vegetables,ٹماٹر,ایووکاڈو,گاجر,پالک,کھیرا,سیلری,پیاز,سلاد,آلو,مٹر,بھنڈی,کدو,,,,,,,,,,,,,,,,,,,,,,,,,,,,,,,,,,
UR,Urdu,weekdays,پیر,منگل,بدھ,جمعرات,جمعہ,ہفتہ,اتوار,,,,,,,,,,,,,,,,,,,,,,,,,,,,,,,,,,,,,,,
VI,"In Vietnamese, there are not official abbreviations for the months of a year like in English, although the abbreviations do exist, they vary among users / texts and cannot be interpreted correctly without specific contexts",abbrevmonths,tháng 1,tháng 2,tháng 3,tháng 4,tháng 5,tháng 6,tháng 7,tháng 8,tháng 9,tháng 10,tháng 11,tháng 12,,,,,,,,,,,,,,,,,,,,,,,,,,,,,,,,,,
VI,The English forms are more commonly used nowadays,cities,london,paris,brussels,berlin,rome,madrid,tokyo,,,,,,,,,,,,,,,,,,,,,,,,,,,,,,,,,,,,,,,
VI,Vietnamese,colours,đỏ,xanh lá cây,xanh da trời,vàng,đen,trắng,nâu,da cam,,,,,,,,,,,,,,,,,,,,,,,,,,,,,,,,,,,,,,
VI,Vietnamese,dayparts,buổi sáng,buổi trưa,buổi chiều,buổi tối,ban đêm,ban ngày,,,,,,,,,,,,,,,,,,,,,,,,,,,,,,,,,,,,,,,,
VI,Vietnamese,drinks,bia,rượu,nước ngọt,sinh tố,nước giải khát,trà đá,sâm lạnh,sữa đậu nành,,,,,,,,,,,,,,,,,,,,,,,,,,,,,,,,,,,,,,
VI,Northern dialect: column Term 1 - Term 7; southern dialect: column Term 8 - Term 10.,establishments,nhà hàng,quán ăn,quán cơm,quán nước,quán cà phê,quán trà,quán phở,tiệm bánh,tiệm cơm,tiệm phở,,,,,,,,,,,,,,,,,,,,,,,,,,,,,,,,,,,,
VI,Vietnamese,fruit,cam,xoài,táo,ổi,lê,mận,đu đủ,thanh long,mít,sầu riêng,,,,,,,,,,,,,,,,,,,,,,,,,,,,,,,,,,,,
VI,Vietnamese,hotdrinks,trà,cà phê,trà sen,,,,,,,,,,,,,,,,,,,,,,,,,,,,,,,,,,,,,,,,,,,
VI,Vietnamese,months,tháng một,tháng hai,tháng ba,tháng tư,tháng năm,tháng sáu,tháng bảy,tháng tám,tháng chín,tháng mười,tháng mười một,tháng mười hai,,,,,,,,,,,,,,,,,,,,,,,,,,,,,,,,,,
VI,Vietnamese,nordics,thuỵ điển,phần lan,đan mạch,na uy,iceland,,,,,,,,,,,,,,,,,,,,,,,,,,,,,,,,,,,,,,,,,
VI,Vietnamese,organs,âm đạo,dương vật,chim,cu,cặc,lồn,,,,,,,,,,,,,,,,,,,,,,,,,,,,,,,,,,,,,,,,
VI,Vietnamese,vegetables,rau muống,rau cải,rau ngót,rau đay,rau mồng tơi,su hào,bắp cải,xúp lơ,,,,,,,,,,,,,,,,,,,,,,,,,,,,,,,,,,,,,,
VI,Vietnamese,weekdays,thứ hai,thứ ba ,thứ tư,thứ năm,thứ sáu,thứ bảy,chủ nhật,,,,,,,,,,,,,,,,,,,,,,,,,,,,,,,,,,,,,,,
ZH,Chinese,cities,伦敦,巴黎,布鲁塞尔,柏林,罗马,马德里,东京,北京,纽约,上海,香港,日内瓦,旧金山,华盛顿,,,,,,,,,,,,,,,,,,,,,,,,,,,,,,,,
ZH,Chinese,colours,红色,绿色,蓝色,黄色,黑色,白色,棕色,橘红色,紫色,粉色,灰色,银色,金色,,,,,,,,,,,,,,,,,,,,,,,,,,,,,,,,,
ZH,Chinese,dayparts,早晨,夜晚,晚上,白天,下午,黄昏,黎明,傍晚,上午,午夜,,,,,,,,,,,,,,,,,,,,,,,,,,,,,,,,,,,,
ZH,Chinese,drinks,啤酒,酒,酒精,苏打水,威士忌,烈酒,红葡萄酒,白葡萄酒,果汁,矿泉水,运动饮料,冰沙,,,,,,,,,,,,,,,,,,,,,,,,,,,,,,,,,,
ZH,Chinese,establishments,餐馆,咖啡厅,餐厅,酒吧,酒吧,面包店,超市,,,,,,,,,,,,,,,,,,,,,,,,,,,,,,,,,,,,,,,
ZH,Chinese,fruit,苹果,菠萝,梨子,橘子,香蕉,李子,草莓,桃子,樱桃,杏子,芒果,猕猴桃,水蜜桃,,,,,,,,,,,,,,,,,,,,,,,,,,,,,,,,,
ZH,Chinese,hotdrinks,咖啡,茶,可可,奶茶,,,,,,,,,,,,,,,,,,,,,,,,,,,,,,,,,,,,,,,,,,
ZH,Chinese,months,一月,二月,三月,四月,五月,六月,七月,八月,九月,十月,十一月,十二月,,,,,,,,,,,,,,,,,,,,,,,,,,,,,,,,,,
ZH,Chinese,nordics,瑞典,芬兰,丹麦,挪威,冰岛,,,,,,,,,,,,,,,,,,,,,,,,,,,,,,,,,,,,,,,,,
ZH,Chinese,organs,肺,肝脏,心脏,肾脏,阑尾,气管,咽,喉,食道,小肠,胰脏,盲肠,,,,,,,,,,,,,,,,,,,,,,,,,,,,,,,,,,
ZH,Chinese,vegetables,番茄,胡萝卜,菠菜,芹菜,洋葱,土豆,芦笋,蘑菇,花椰菜,生菜,大白菜,卷心菜,,,,,,,,,,,,,,,,,,,,,,,,,,,,,,,,,,
ZH,Chinese,weekdays,星期一,星期二,星期三,星期四,星期五,星期六,星期日,,,,,,,,,,,,,,,,,,,,,,,,,,,,,,,,,,,,,,,
